Welcome to iximiuz Labs' Ubuntu 26.04 Playground! 🚀

This is a refined Ubuntu VM, curated with tools for efficient learning and
hands-on experimenting:

- vim, fzf, ripgrep: Command-line file editing and searching.
- fx, jq, yq: Powerful JSON and YAML viewers and processors.
- curl, socat, websocat: A comprehensive networking toolkit.
- arkade: An efficient installer for additional tools you might require.

Additional services at your disposal:

* Port publishing: Showcase your app with its own public URL.
* Terminal sharing: Collaborate seamlessly by sharing your terminal session.
* registry.iximiuz.com: A private hub to push and pull container images.

Playground VMs are ephemeral and short-lived — terminating a VM purges
all data, including images in the private registry. Please, do not use
playgrounds for processing critical or sensitive information.


laborant@ubuntu-01:~$ sudo apt update
sudo apt install -y postgresql-common
sudo /usr/share/postgresql-common/pgdg/apt.postgresql.org.sh
sudo apt update
Get:1 http://security.ubuntu.com/ubuntu resolute-security InRelease [137 kB]
Hit:2 http://archive.ubuntu.com/ubuntu resolute InRelease                            
Get:3 http://archive.ubuntu.com/ubuntu resolute-updates InRelease [137 kB]           
Get:4 http://security.ubuntu.com/ubuntu resolute-security/universe amd64 Packages [190 kB]
Get:5 http://security.ubuntu.com/ubuntu resolute-security/main amd64 Packages [471 kB]
Get:6 http://security.ubuntu.com/ubuntu resolute-security/restricted amd64 Packages [400 kB]
Hit:7 http://archive.ubuntu.com/ubuntu resolute-backports InRelease                    
Get:8 http://archive.ubuntu.com/ubuntu resolute-updates/universe amd64 Packages [297 kB]
Get:9 http://archive.ubuntu.com/ubuntu resolute-updates/restricted amd64 Packages [422 kB]
Get:10 http://archive.ubuntu.com/ubuntu resolute-updates/main amd64 Packages [565 kB]
Fetched 2621 kB in 3s (762 kB/s)                         
11 packages can be upgraded. Run 'apt list --upgradable' to see them.
Installing:                     
  postgresql-common

Installing dependencies:
  libcommon-sense-perl  libjson-perl  libjson-xs-perl  libpopt0  libtypes-serialiser-perl  logrotate  postgresql-client-common  ssl-cert

Suggested packages:
  bsd-mailx  | mailx

Summary:
  Upgrading: 0, Installing: 9, Removing: 0, Not Upgrading: 11
  Download size: 451 kB
  Space needed: 1396 kB / 78.1 GB available

Get:1 http://archive.ubuntu.com/ubuntu resolute/main amd64 libjson-perl all 4.10000-1 [81.9 kB]
Get:2 http://archive.ubuntu.com/ubuntu resolute/main amd64 postgresql-client-common all 290ubuntu1 [49.4 kB]
Get:3 http://archive.ubuntu.com/ubuntu resolute/main amd64 ssl-cert all 1.1.3ubuntu2 [18.8 kB]
Get:4 http://archive.ubuntu.com/ubuntu resolute/main amd64 postgresql-common all 290ubuntu1 [101 kB]
Get:5 http://archive.ubuntu.com/ubuntu resolute/main amd64 libpopt0 amd64 1.19+dfsg-2build1 [29.4 kB]
Get:6 http://archive.ubuntu.com/ubuntu resolute/main amd64 logrotate amd64 3.22.0-1build1 [53.7 kB]
Get:7 http://archive.ubuntu.com/ubuntu resolute/main amd64 libcommon-sense-perl amd64 3.75-3build5 [20.5 kB]
Get:8 http://archive.ubuntu.com/ubuntu resolute/main amd64 libtypes-serialiser-perl all 1.01-1 [11.6 kB]
Get:9 http://archive.ubuntu.com/ubuntu resolute/main amd64 libjson-xs-perl amd64 4.040-1 [84.4 kB]
Fetched 451 kB in 2s (284 kB/s)          
debconf: unable to initialize frontend: Dialog
debconf: (No usable dialog-like program is installed, so the dialog based frontend cannot be used. at /usr/share/perl5/Debconf/FrontEnd/Dialog.pm line 79, <STDIN> line 9.)
debconf: falling back to frontend: Readline
Preconfiguring packages ...
Selecting previously unselected package libjson-perl.
(Reading database ... 39338 files and directories currently installed.)
Preparing to unpack .../0-libjson-perl_4.10000-1_all.deb ...
Unpacking libjson-perl (4.10000-1) ...
Selecting previously unselected package postgresql-client-common.
Preparing to unpack .../1-postgresql-client-common_290ubuntu1_all.deb ...
Unpacking postgresql-client-common (290ubuntu1) ...
Selecting previously unselected package ssl-cert.
Preparing to unpack .../2-ssl-cert_1.1.3ubuntu2_all.deb ...
Unpacking ssl-cert (1.1.3ubuntu2) ...
Selecting previously unselected package postgresql-common.
Preparing to unpack .../3-postgresql-common_290ubuntu1_all.deb ...
Adding 'diversion of /usr/bin/pg_config to /usr/bin/pg_config.libpq-dev by postgresql-common'
Unpacking postgresql-common (290ubuntu1) ...
Selecting previously unselected package libpopt0:amd64.
Preparing to unpack .../4-libpopt0_1.19+dfsg-2build1_amd64.deb ...
Unpacking libpopt0:amd64 (1.19+dfsg-2build1) ...
Selecting previously unselected package logrotate.
Preparing to unpack .../5-logrotate_3.22.0-1build1_amd64.deb ...
Unpacking logrotate (3.22.0-1build1) ...
Selecting previously unselected package libcommon-sense-perl:amd64.
Preparing to unpack .../6-libcommon-sense-perl_3.75-3build5_amd64.deb ...
Unpacking libcommon-sense-perl:amd64 (3.75-3build5) ...
Selecting previously unselected package libtypes-serialiser-perl.
Preparing to unpack .../7-libtypes-serialiser-perl_1.01-1_all.deb ...
Unpacking libtypes-serialiser-perl (1.01-1) ...
Selecting previously unselected package libjson-xs-perl.
Preparing to unpack .../8-libjson-xs-perl_4.040-1_amd64.deb ...
Unpacking libjson-xs-perl (4.040-1) ...
Setting up postgresql-client-common (290ubuntu1) ...
Setting up libcommon-sense-perl:amd64 (3.75-3build5) ...
Setting up ssl-cert (1.1.3ubuntu2) ...
debconf: unable to initialize frontend: Dialog
debconf: (No usable dialog-like program is installed, so the dialog based frontend cannot be used. at /usr/share/perl5/Debconf/FrontEnd/Dialog.pm line 79.)
debconf: falling back to frontend: Readline
Created symlink '/etc/systemd/system/multi-user.target.wants/ssl-cert.service' → '/usr/lib/systemd/system/ssl-cert.service'.
/usr/sbin/policy-rc.d returned 101, not running 'start ssl-cert.service'
Setting up libtypes-serialiser-perl (1.01-1) ...
Setting up libjson-perl (4.10000-1) ...
Setting up libpopt0:amd64 (1.19+dfsg-2build1) ...
Setting up logrotate (3.22.0-1build1) ...
Created symlink '/etc/systemd/system/timers.target.wants/logrotate.timer' → '/usr/lib/systemd/system/logrotate.timer'.
/usr/sbin/policy-rc.d returned 101, not running 'start logrotate.service logrotate.timer'
Setting up libjson-xs-perl (4.040-1) ...
Setting up postgresql-common (290ubuntu1) ...
debconf: unable to initialize frontend: Dialog
debconf: (No usable dialog-like program is installed, so the dialog based frontend cannot be used. at /usr/share/perl5/Debconf/FrontEnd/Dialog.pm line 79.)
debconf: falling back to frontend: Readline
Creating config file /etc/postgresql-common/createcluster.conf with new version
Building PostgreSQL dictionaries from installed myspell/hunspell packages...
Removing obsolete dictionary files:
invoke-rc.d: policy-rc.d denied execution of start.
Created symlink '/etc/systemd/system/multi-user.target.wants/postgresql.service' → '/usr/lib/systemd/system/postgresql.service'.
/usr/sbin/policy-rc.d returned 101, not running 'start postgresql.service'
Processing triggers for man-db (2.13.1-1build1) ...
Processing triggers for libc-bin (2.43-2ubuntu2.3) ...
This script will enable the PostgreSQL APT repository on apt.postgresql.org on
your system. The distribution codename used will be resolute-pgdg.

Press Enter to continue, or Ctrl-C to abort.

Using keyring /usr/share/postgresql-common/pgdg/apt.postgresql.org.gpg
Writing /etc/apt/sources.list.d/pgdg.sources ...

Running apt-get update ...
Get:1 https://apt.postgresql.org/pub/repos/apt resolute-pgdg InRelease [189 kB]
Get:2 https://apt.postgresql.org/pub/repos/apt resolute-pgdg/main amd64 Packages [1091 kB]                          
Hit:3 http://archive.ubuntu.com/ubuntu resolute InRelease                                                              
Hit:4 http://archive.ubuntu.com/ubuntu resolute-updates InRelease          
Hit:5 http://security.ubuntu.com/ubuntu resolute-security InRelease        
Hit:6 http://archive.ubuntu.com/ubuntu resolute-backports InRelease
Fetched 1280 kB in 1s (1244 kB/s)
Reading package lists... Done

You can now start installing packages from apt.postgresql.org.

Have a look at https://wiki.postgresql.org/wiki/Apt for more information;
most notably the FAQ at https://wiki.postgresql.org/wiki/Apt/FAQ
Hit:1 https://apt.postgresql.org/pub/repos/apt resolute-pgdg InRelease
Hit:2 http://archive.ubuntu.com/ubuntu resolute InRelease                                                
Hit:3 http://security.ubuntu.com/ubuntu resolute-security InRelease                                      
Hit:4 http://archive.ubuntu.com/ubuntu resolute-updates InRelease
Hit:5 http://archive.ubuntu.com/ubuntu resolute-backports InRelease
13 packages can be upgraded. Run 'apt list --upgradable' to see them.
laborant@ubuntu-01:~$ 

laborant@ubuntu-01:~$ sudo apt install postgresql-19
Package postgresql-19 is not available, but is referred to by another package.
This may mean that the package is missing, has been obsoleted, or
is only available from another source

Error: Package 'postgresql-19' has no installation candidate
laborant@ubuntu-01:~$ sudo apt info postgresql-19
Package: postgresql-19
State: not a real package (virtual)
Notice: Can't select candidate version from package postgresql-19 as it has no candidate
Notice: Can't select versions from package 'postgresql-19' as it is purely virtual
Notice: No packages found
laborant@ubuntu-01:~$ 
laborant@ubuntu-01:~$ ls /etc/ap
apparmor.d/ apt/        
laborant@ubuntu-01:~$ ls /etc/apt/sources.list
sources.list    sources.list.d/ 
laborant@ubuntu-01:~$ ls /etc/apt/sources.list.d/
pgdg.sources  ubuntu.sources
laborant@ubuntu-01:~$ ls /etc/apt/sources.list.d/pgdg.sources 
/etc/apt/sources.list.d/pgdg.sources
laborant@ubuntu-01:~$ cat /etc/apt/sources.list.d/pgdg.sources 
Types: deb
URIs: https://apt.postgresql.org/pub/repos/apt
Suites: resolute-pgdg
Components: main
Architectures: amd64
Signed-By: /usr/share/postgresql-common/pgdg/apt.postgresql.org.gpg
laborant@ubuntu-01:~$ vi /etc/apt/sources.list.d/pgdg.sources 
laborant@ubuntu-01:~$ sudo vi /etc/apt/sources.list.d/pgdg.sources 
laborant@ubuntu-01:~$ sudo apt update
Error: Malformed entry 1 in sources file /etc/apt/sources.list.d/pgdg.sources (Suite)
Error: The list of sources could not be read.
laborant@ubuntu-01:~$ sudo apt update
Error: Malformed entry 1 in sources file /etc/apt/sources.list.d/pgdg.sources (Suite)
Error: The list of sources could not be read.
laborant@ubuntu-01:~$ sudo vi /etc/apt/sources.list.d/pgdg.sources 
laborant@ubuntu-01:~$ sudo apt update
Error: Malformed entry 1 in sources file /etc/apt/sources.list.d/pgdg.sources (Component)
Error: The list of sources could not be read.
laborant@ubuntu-01:~$ sudo vi /etc/apt/sources.list.d/pgdg.sources 
laborant@ubuntu-01:~$ sudo apt update
Ign:1 https://apt.postgresql.org/pub/repos/apt/pool resolute-pgdg InRelease
Hit:2 http://security.ubuntu.com/ubuntu resolute-security InRelease
Hit:3 http://archive.ubuntu.com/ubuntu resolute InRelease
Err:4 https://apt.postgresql.org/pub/repos/apt/pool resolute-pgdg Release
  404  Not Found [IP: 151.101.211.52 443]
Hit:5 http://archive.ubuntu.com/ubuntu resolute-updates InRelease
Hit:6 http://archive.ubuntu.com/ubuntu resolute-backports InRelease
Error: The repository 'https://apt.postgresql.org/pub/repos/apt/pool resolute-pgdg Release' does not have a Release file.
Notice: Updating from such a repository can't be done securely, and is therefore disabled by default.
Notice: See apt-secure(8) manpage for repository creation and user configuration details.
laborant@ubuntu-01:~$ man pg_ctl
No manual entry for pg_ctl
laborant@ubuntu-01:~$ pg_
pg_archivecleanup  pg_config          pg_ctlcluster      pg_dumpall         pg_receivewal      pg_renamecluster   pg_updatedicts     
pg_backupcluster   pg_conftool        pg_dropcluster     pg_isready         pg_receivexlog     pg_restore         pg_upgradecluster  
pg_basebackup      pg_createcluster   pg_dump            pg_lsclusters      pg_recvlogical     pg_restorecluster  pg_virtualenv      
laborant@ubuntu-01:~$ pg_c
pg_config         pg_conftool       pg_createcluster  pg_ctlcluster     
laborant@ubuntu-01:~$ which pg_ctlcluster 
/usr/bin/pg_ctlcluster
laborant@ubuntu-01:~$ ls -al /usr/bin/pg_ctlcluster 
-rwxr-xr-x 1 root root 23559 Jun  6  2025 /usr/bin/pg_ctlcluster
laborant@ubuntu-01:~$ 
laborant@ubuntu-01:~$ wget https://ftp.postgresql.org/pub/repos/apt/pool/19/p/postgresql-19/postgresql-19_19~beta3-1.pgdg%2B1_amd64.deb
--2026-08-14 00:42:17--  https://ftp.postgresql.org/pub/repos/apt/pool/19/p/postgresql-19/postgresql-19_19~beta3-1.pgdg%2B1_amd64.deb
Resolving ftp.postgresql.org (ftp.postgresql.org)... 151.101.211.52, 2a04:4e42:31::820
Connecting to ftp.postgresql.org (ftp.postgresql.org)|151.101.211.52|:443... connected.
HTTP request sent, awaiting response... 200 OK
Length: 8250968 (7.9M) [application/vnd.debian.binary-package]
Saving to: ‘postgresql-19_19~beta3-1.pgdg+1_amd64.deb’

postgresql-19_19~beta3-1.pgdg+1_amd64. 100%[==========================================================================>]   7.87M  4.08MB/s    in 1.9s    

2026-08-14 00:42:20 (4.08 MB/s) - ‘postgresql-19_19~beta3-1.pgdg+1_amd64.deb’ saved [8250968/8250968]

laborant@ubuntu-01:~$ ls -alh postgresql-19_19~beta3-1.pgdg+1_amd64.deb 
-rw-rw-r-- 1 laborant laborant 7.9M Aug 12 10:36 postgresql-19_19~beta3-1.pgdg+1_amd64.deb
laborant@ubuntu-01:~$ vi postgresql-19_19~beta3-1.pgdg+1_amd64.deb 
laborant@ubuntu-01:~$ file postgresql-19_19~beta3-1.pgdg+1_amd64.deb 
postgresql-19_19~beta3-1.pgdg+1_amd64.deb: Debian binary package (format 2.0), with control.tar.xz , data compression xz
laborant@ubuntu-01:~$ ar tv postgresql-19_19~beta3-1.pgdg+1_amd64.deb 
-bash: ar: command not found
laborant@ubuntu-01:~$ apt install binutils
Error: Could not open lock file /var/lib/dpkg/lock-frontend - open (13: Permission denied)
Error: Unable to acquire the dpkg frontend lock (/var/lib/dpkg/lock-frontend), are you root?
laborant@ubuntu-01:~$ sudo apt install binutils
Installing:                     
  binutils

Installing dependencies:
  binutils-common  binutils-x86-64-linux-gnu  libbinutils  libctf-nobfd0  libctf0  libgprofng0  libsframe3

Suggested packages:
  binutils-doc  gprofng-gui  binutils-gold

Summary:
  Upgrading: 0, Installing: 8, Removing: 0, Not Upgrading: 11
  Download size: 3319 kB
  Space needed: 15.3 MB / 78.0 GB available

Continue? [Y/n] 
Get:1 http://archive.ubuntu.com/ubuntu resolute/main amd64 libsframe3 amd64 2.46-3ubuntu2 [20.6 kB]
Get:2 http://archive.ubuntu.com/ubuntu resolute/main amd64 binutils-common amd64 2.46-3ubuntu2 [222 kB]
Get:3 http://archive.ubuntu.com/ubuntu resolute/main amd64 libbinutils amd64 2.46-3ubuntu2 [602 kB]
Get:4 http://archive.ubuntu.com/ubuntu resolute/main amd64 libgprofng0 amd64 2.46-3ubuntu2 [898 kB]
Get:5 http://archive.ubuntu.com/ubuntu resolute/main amd64 libctf-nobfd0 amd64 2.46-3ubuntu2 [102 kB]
Get:6 http://archive.ubuntu.com/ubuntu resolute/main amd64 libctf0 amd64 2.46-3ubuntu2 [100 kB]
Get:7 http://archive.ubuntu.com/ubuntu resolute/main amd64 binutils-x86-64-linux-gnu amd64 2.46-3ubuntu2 [1150 kB]
Get:8 http://archive.ubuntu.com/ubuntu resolute/main amd64 binutils amd64 2.46-3ubuntu2 [225 kB]
Fetched 3319 kB in 2s (1398 kB/s)
debconf: unable to initialize frontend: Dialog
debconf: (No usable dialog-like program is installed, so the dialog based frontend cannot be used. at /usr/share/perl5/Debconf/FrontEnd/Dialog.pm line 79, <STDIN> line 8.)
debconf: falling back to frontend: Readline
Selecting previously unselected package libsframe3:amd64.
(Reading database ... 39521 files and directories currently installed.)
Preparing to unpack .../0-libsframe3_2.46-3ubuntu2_amd64.deb ...
Unpacking libsframe3:amd64 (2.46-3ubuntu2) ...
Selecting previously unselected package binutils-common:amd64.
Preparing to unpack .../1-binutils-common_2.46-3ubuntu2_amd64.deb ...
Unpacking binutils-common:amd64 (2.46-3ubuntu2) ...
Selecting previously unselected package libbinutils:amd64.
Preparing to unpack .../2-libbinutils_2.46-3ubuntu2_amd64.deb ...
Unpacking libbinutils:amd64 (2.46-3ubuntu2) ...
Selecting previously unselected package libgprofng0:amd64.
Preparing to unpack .../3-libgprofng0_2.46-3ubuntu2_amd64.deb ...
Unpacking libgprofng0:amd64 (2.46-3ubuntu2) ...
Selecting previously unselected package libctf-nobfd0:amd64.
Preparing to unpack .../4-libctf-nobfd0_2.46-3ubuntu2_amd64.deb ...
Unpacking libctf-nobfd0:amd64 (2.46-3ubuntu2) ...
Selecting previously unselected package libctf0:amd64.
Preparing to unpack .../5-libctf0_2.46-3ubuntu2_amd64.deb ...
Unpacking libctf0:amd64 (2.46-3ubuntu2) ...
Selecting previously unselected package binutils-x86-64-linux-gnu.
Preparing to unpack .../6-binutils-x86-64-linux-gnu_2.46-3ubuntu2_amd64.deb ...
Unpacking binutils-x86-64-linux-gnu (2.46-3ubuntu2) ...
Selecting previously unselected package binutils.
Preparing to unpack .../7-binutils_2.46-3ubuntu2_amd64.deb ...
Unpacking binutils (2.46-3ubuntu2) ...
Setting up binutils-common:amd64 (2.46-3ubuntu2) ...
Setting up libsframe3:amd64 (2.46-3ubuntu2) ...
Setting up libctf-nobfd0:amd64 (2.46-3ubuntu2) ...
Setting up libbinutils:amd64 (2.46-3ubuntu2) ...
Setting up libctf0:amd64 (2.46-3ubuntu2) ...
Setting up libgprofng0:amd64 (2.46-3ubuntu2) ...
Setting up binutils-x86-64-linux-gnu (2.46-3ubuntu2) ...
Setting up binutils (2.46-3ubuntu2) ...
Processing triggers for libc-bin (2.43-2ubuntu2.3) ...
Processing triggers for man-db (2.13.1-1build1) ...
laborant@ubuntu-01:~$ ar tv postgresql-19_19~beta3-1.pgdg+1_amd64.deb 
rw-r--r-- 0/0      4 Aug 11 20:55 2026 debian-binary
rw-r--r-- 0/0  18660 Aug 11 20:55 2026 control.tar.xz
rw-r--r-- 0/0 8232116 Aug 11 20:55 2026 data.tar.xz
laborant@ubuntu-01:~$ ls
postgresql-19_19~beta3-1.pgdg+1_amd64.deb
laborant@ubuntu-01:~$ ar xv postgresql-19_19~beta3-1.pgdg+1_amd64.deb 
x - debian-binary
x - control.tar.xz
x - data.tar.xz
laborant@ubuntu-01:~$ ls
control.tar.xz  data.tar.xz  debian-binary  postgresql-19_19~beta3-1.pgdg+1_amd64.deb
laborant@ubuntu-01:~$ cat debian-binary 
2.0
laborant@ubuntu-01:~$ vi control.tar.xz 
laborant@ubuntu-01:~$ tar tf control.tar.xz 
tar (child): xz: Cannot exec: No such file or directory
tar (child): Error is not recoverable: exiting now
tar: Child returned status 2
tar: Error is not recoverable: exiting now
laborant@ubuntu-01:~$ tar tf data.tar.xz 
tar (child): xz: Cannot exec: No such file or directory
tar (child): Error is not recoverable: exiting now
tar: Child returned status 2
tar: Error is not recoverable: exiting now
laborant@ubuntu-01:~$ apt install xz
Error: Could not open lock file /var/lib/dpkg/lock-frontend - open (13: Permission denied)
Error: Unable to acquire the dpkg frontend lock (/var/lib/dpkg/lock-frontend), are you root?
laborant@ubuntu-01:~$ sudo apt install xz
Error: Unable to locate package xz
laborant@ubuntu-01:~$ file 
.bash_logout                               .local/                                    .wget-hsts
.bashrc                                    .profile                                   control.tar.xz
.cache/                                    .rootfs/                                   data.tar.xz
.config/                                   .ssh/                                      debian-binary
.fzf/                                      .vim/                                      postgresql-19_19~beta3-1.pgdg+1_amd64.deb
.fzf.bash                                  .viminfo                                   
.gitconfig                                 .vimrc                                     
laborant@ubuntu-01:~$ file control.tar.xz 
control.tar.xz: XZ compressed data, checksum CRC64
laborant@ubuntu-01:~$ apt search xz
golang-github-remyoudompheng-go-liblzma-dev/resolute 0.0~git20190506.81bf2d4-3 all
  Go bindings for XZ Utils/liblzma

golang-github-smira-go-xz-dev/resolute 0.0~git20150414.0c531f0-2.1 all
  simple .xz decompression using external program (xz --decompress)

golang-github-ulikunitz-xz-dev/resolute 0.5.15-1 all
  Pure golang package for reading and writing xz-compressed files

golang-github-xi2-xz-dev/resolute 0.0~git20171230.48954b6-4 all
  native Go XZ decompression

libghc-lzma-dev/resolute 0.0.1.1-3 amd64
  LZMA/XZ compression and decompression

libghc-lzma-doc/resolute 0.0.1.1-3 all
  LZMA/XZ compression and decompression; documentation

libghc-lzma-prof/resolute 0.0.1.1-3 amd64
  LZMA/XZ compression and decompression; profiling libraries

libio-compress-lzma-perl/resolute 2.217-1 all
  modules for reading and writing lzma/xz files/buffers

liblzma-dev/resolute 5.8.3-1 amd64
  XZ-format compression library - development files

liblzma-doc/resolute 5.8.3-1 all
  XZ-format compression library - API documentation

liblzma5/resolute,now 5.8.3-1 amd64 [installed]
  XZ-format compression library

librust-lzma-rs-dev/resolute 0.3.0-3 amd64
  Codec for LZMA, LZMA2 and XZ written in pure Rust - Rust source code

laborant@ubuntu-01:~$ apt search xz
golang-github-remyoudompheng-go-liblzma-dev/resolute 0.0~git20190506.81bf2d4-3 all
  Go bindings for XZ Utils/liblzma

golang-github-smira-go-xz-dev/resolute 0.0~git20150414.0c531f0-2.1 all
  simple .xz decompression using external program (xz --decompress)

golang-github-ulikunitz-xz-dev/resolute 0.5.15-1 all
  Pure golang package for reading and writing xz-compressed files

golang-github-xi2-xz-dev/resolute 0.0~git20171230.48954b6-4 all
  native Go XZ decompression

libghc-lzma-dev/resolute 0.0.1.1-3 amd64
  LZMA/XZ compression and decompression

libghc-lzma-doc/resolute 0.0.1.1-3 all
  LZMA/XZ compression and decompression; documentation

libghc-lzma-prof/resolute 0.0.1.1-3 amd64
  LZMA/XZ compression and decompression; profiling libraries

libio-compress-lzma-perl/resolute 2.217-1 all
  modules for reading and writing lzma/xz files/buffers

liblzma-dev/resolute 5.8.3-1 amd64
  XZ-format compression library - development files

liblzma-doc/resolute 5.8.3-1 all
  XZ-format compression library - API documentation

liblzma5/resolute,now 5.8.3-1 amd64 [installed]
  XZ-format compression library

librust-lzma-rs-dev/resolute 0.3.0-3 amd64
  Codec for LZMA, LZMA2 and XZ written in pure Rust - Rust source code

librust-lzma-sys-dev/resolute 0.1.20-1 amd64
  Bindings to liblzma for lzma and xz stream encoding/decoding - Rust source code

librust-xz-dev/resolute 0.1.0-2 amd64
  Rust bindings to liblzma providing Read/Write streams as well as low-level in-memory encoding/decoding - Rust source code

librust-xz2-dev/resolute 0.1.7-1 amd64
  Rust bindings to liblzma providing Read/Write streams as well as low-level in-memory encoding/decoding - Rust source code

libxz-java/resolute 1.11+repack-1 all
  Java library with a complete implementation of XZ data compression

pixz/resolute 1.0.7-4build1 amd64
  parallel, indexing XZ compressor/decompressor

python3-txzmq/resolute 0.8.0-5build1 all
  ZeroMQ binding for the Twisted framework (Python3 version)

xz-utils/resolute 5.8.3-1 amd64
  XZ-format compression utilities

xzdec/resolute 5.8.3-1 amd64
  XZ-format compression utilities - tiny decompressors

xzgv/resolute 0.9.2-2build3 amd64
  Picture viewer for X with a thumbnail-based selector

xzip/resolute 1:1.8.2-5build1 amd64
  Interpreter of Infocom-format story-files

xzoom/resolute 0.3-28build1 amd64
  magnify part of X display, with real-time updates

laborant@ubuntu-01:~$ sudo apt install xz-utils
Installing:                     
  xz-utils

Summary:
  Upgrading: 0, Installing: 1, Removing: 0, Not Upgrading: 11
  Download size: 406 kB
  Space needed: 999 kB / 78.0 GB available

Get:1 http://archive.ubuntu.com/ubuntu resolute/main amd64 xz-utils amd64 5.8.3-1 [406 kB]
Fetched 406 kB in 2s (184 kB/s)                     
debconf: unable to initialize frontend: Dialog
debconf: (No usable dialog-like program is installed, so the dialog based frontend cannot be used. at /usr/share/perl5/Debconf/FrontEnd/Dialog.pm line 79, <STDIN> line 1.)
debconf: falling back to frontend: Readline
Selecting previously unselected package xz-utils.
(Reading database ... 39804 files and directories currently installed.)
Preparing to unpack .../xz-utils_5.8.3-1_amd64.deb ...
Unpacking xz-utils (5.8.3-1) ...
Setting up xz-utils (5.8.3-1) ...
update-alternatives: using /usr/bin/xz to provide /usr/bin/lzma (lzma) in auto mode
Processing triggers for man-db (2.13.1-1build1) ...
laborant@ubuntu-01:~$ tar tf data.tar.xz 
./
./usr/
./usr/lib/
./usr/lib/postgresql/
./usr/lib/postgresql/19/
./usr/lib/postgresql/19/bin/
./usr/lib/postgresql/19/bin/initdb
./usr/lib/postgresql/19/bin/oid2name
./usr/lib/postgresql/19/bin/pg_archivecleanup
./usr/lib/postgresql/19/bin/pg_checksums
./usr/lib/postgresql/19/bin/pg_controldata
./usr/lib/postgresql/19/bin/pg_createsubscriber
./usr/lib/postgresql/19/bin/pg_ctl
./usr/lib/postgresql/19/bin/pg_resetwal
./usr/lib/postgresql/19/bin/pg_rewind
./usr/lib/postgresql/19/bin/pg_test_fsync
./usr/lib/postgresql/19/bin/pg_test_timing
./usr/lib/postgresql/19/bin/pg_upgrade
./usr/lib/postgresql/19/bin/pg_waldump
./usr/lib/postgresql/19/bin/pg_walsummary
./usr/lib/postgresql/19/bin/pgbench
./usr/lib/postgresql/19/bin/postgres
./usr/lib/postgresql/19/bin/vacuumlo
./usr/lib/postgresql/19/lib/
./usr/lib/postgresql/19/lib/_int.so
./usr/lib/postgresql/19/lib/amcheck.so
./usr/lib/postgresql/19/lib/auth_delay.so
./usr/lib/postgresql/19/lib/auto_explain.so
./usr/lib/postgresql/19/lib/autoinc.so
./usr/lib/postgresql/19/lib/basebackup_to_shell.so
./usr/lib/postgresql/19/lib/basic_archive.so
./usr/lib/postgresql/19/lib/bloom.so
./usr/lib/postgresql/19/lib/btree_gin.so
./usr/lib/postgresql/19/lib/btree_gist.so
./usr/lib/postgresql/19/lib/citext.so
./usr/lib/postgresql/19/lib/cube.so
./usr/lib/postgresql/19/lib/cyrillic.so
./usr/lib/postgresql/19/lib/dblink.so
./usr/lib/postgresql/19/lib/dict_int.so
./usr/lib/postgresql/19/lib/dict_snowball.so
./usr/lib/postgresql/19/lib/dict_xsyn.so
./usr/lib/postgresql/19/lib/earthdistance.so
./usr/lib/postgresql/19/lib/euc2004_sjis2004.so
./usr/lib/postgresql/19/lib/euc_jp_and_sjis.so
./usr/lib/postgresql/19/lib/euc_tw_and_big5.so
./usr/lib/postgresql/19/lib/file_fdw.so
./usr/lib/postgresql/19/lib/fuzzystrmatch.so
./usr/lib/postgresql/19/lib/hstore.so
./usr/lib/postgresql/19/lib/insert_username.so
./usr/lib/postgresql/19/lib/isn.so
./usr/lib/postgresql/19/lib/latin2_and_win1250.so
./usr/lib/postgresql/19/lib/libpqwalreceiver.so
./usr/lib/postgresql/19/lib/lo.so
./usr/lib/postgresql/19/lib/ltree.so
./usr/lib/postgresql/19/lib/moddatetime.so
./usr/lib/postgresql/19/lib/pageinspect.so
./usr/lib/postgresql/19/lib/passwordcheck.so
./usr/lib/postgresql/19/lib/pg_buffercache.so
./usr/lib/postgresql/19/lib/pg_freespacemap.so
./usr/lib/postgresql/19/lib/pg_logicalinspect.so
./usr/lib/postgresql/19/lib/pg_overexplain.so
./usr/lib/postgresql/19/lib/pg_plan_advice.so
./usr/lib/postgresql/19/lib/pg_prewarm.so
./usr/lib/postgresql/19/lib/pg_stash_advice.so
./usr/lib/postgresql/19/lib/pg_stat_statements.so
./usr/lib/postgresql/19/lib/pg_surgery.so
./usr/lib/postgresql/19/lib/pg_trgm.so
./usr/lib/postgresql/19/lib/pg_visibility.so
./usr/lib/postgresql/19/lib/pg_walinspect.so
./usr/lib/postgresql/19/lib/pgcrypto.so
./usr/lib/postgresql/19/lib/pgoutput.so
./usr/lib/postgresql/19/lib/pgrepack.so
./usr/lib/postgresql/19/lib/pgrowlocks.so
./usr/lib/postgresql/19/lib/pgstattuple.so
./usr/lib/postgresql/19/lib/pgxml.so
./usr/lib/postgresql/19/lib/plpgsql.so
./usr/lib/postgresql/19/lib/postgres_fdw.so
./usr/lib/postgresql/19/lib/refint.so
./usr/lib/postgresql/19/lib/seg.so
./usr/lib/postgresql/19/lib/sepgsql.so
./usr/lib/postgresql/19/lib/sslinfo.so
./usr/lib/postgresql/19/lib/tablefunc.so
./usr/lib/postgresql/19/lib/tcn.so
./usr/lib/postgresql/19/lib/test_decoding.so
./usr/lib/postgresql/19/lib/tsm_system_rows.so
./usr/lib/postgresql/19/lib/tsm_system_time.so
./usr/lib/postgresql/19/lib/unaccent.so
./usr/lib/postgresql/19/lib/utf8_and_big5.so
./usr/lib/postgresql/19/lib/utf8_and_cyrillic.so
./usr/lib/postgresql/19/lib/utf8_and_euc2004.so
./usr/lib/postgresql/19/lib/utf8_and_euc_cn.so
./usr/lib/postgresql/19/lib/utf8_and_euc_jp.so
./usr/lib/postgresql/19/lib/utf8_and_euc_kr.so
./usr/lib/postgresql/19/lib/utf8_and_euc_tw.so
./usr/lib/postgresql/19/lib/utf8_and_gb18030.so
./usr/lib/postgresql/19/lib/utf8_and_gbk.so
./usr/lib/postgresql/19/lib/utf8_and_iso8859.so
./usr/lib/postgresql/19/lib/utf8_and_iso8859_1.so
./usr/lib/postgresql/19/lib/utf8_and_johab.so
./usr/lib/postgresql/19/lib/utf8_and_sjis.so
./usr/lib/postgresql/19/lib/utf8_and_sjis2004.so
./usr/lib/postgresql/19/lib/utf8_and_uhc.so
./usr/lib/postgresql/19/lib/utf8_and_win.so
./usr/lib/postgresql/19/lib/uuid-ossp.so
./usr/share/
./usr/share/doc/
./usr/share/doc/postgresql-19/
./usr/share/doc/postgresql-19/changelog.Debian.gz
./usr/share/doc/postgresql-19/changelog.gz
./usr/share/doc/postgresql-19/copyright
./usr/share/doc/postgresql-19/examples/
./usr/share/doc/postgresql-19/examples/autoinc.example
./usr/share/doc/postgresql-19/examples/insert_username.example
./usr/share/doc/postgresql-19/examples/moddatetime.example
./usr/share/doc/postgresql-19/examples/refint.example
./usr/share/lintian/
./usr/share/lintian/overrides/
./usr/share/lintian/overrides/postgresql-19
./usr/share/locale/
./usr/share/locale/cs/
./usr/share/locale/cs/LC_MESSAGES/
./usr/share/locale/cs/LC_MESSAGES/initdb-19.mo
./usr/share/locale/cs/LC_MESSAGES/pg_archivecleanup-19.mo
./usr/share/locale/cs/LC_MESSAGES/pg_checksums-19.mo
./usr/share/locale/cs/LC_MESSAGES/pg_controldata-19.mo
./usr/share/locale/cs/LC_MESSAGES/pg_ctl-19.mo
./usr/share/locale/cs/LC_MESSAGES/pg_resetwal-19.mo
./usr/share/locale/cs/LC_MESSAGES/pg_rewind-19.mo
./usr/share/locale/cs/LC_MESSAGES/pg_test_fsync-19.mo
./usr/share/locale/cs/LC_MESSAGES/pg_test_timing-19.mo
./usr/share/locale/cs/LC_MESSAGES/pg_upgrade-19.mo
./usr/share/locale/cs/LC_MESSAGES/pg_waldump-19.mo
./usr/share/locale/cs/LC_MESSAGES/plpgsql-19.mo
./usr/share/locale/de/
./usr/share/locale/de/LC_MESSAGES/
./usr/share/locale/de/LC_MESSAGES/initdb-19.mo
./usr/share/locale/de/LC_MESSAGES/pg_archivecleanup-19.mo
./usr/share/locale/de/LC_MESSAGES/pg_checksums-19.mo
./usr/share/locale/de/LC_MESSAGES/pg_controldata-19.mo
./usr/share/locale/de/LC_MESSAGES/pg_ctl-19.mo
./usr/share/locale/de/LC_MESSAGES/pg_resetwal-19.mo
./usr/share/locale/de/LC_MESSAGES/pg_rewind-19.mo
./usr/share/locale/de/LC_MESSAGES/pg_test_fsync-19.mo
./usr/share/locale/de/LC_MESSAGES/pg_test_timing-19.mo
./usr/share/locale/de/LC_MESSAGES/pg_upgrade-19.mo
./usr/share/locale/de/LC_MESSAGES/pg_waldump-19.mo
./usr/share/locale/de/LC_MESSAGES/pg_walsummary-19.mo
./usr/share/locale/de/LC_MESSAGES/plpgsql-19.mo
./usr/share/locale/de/LC_MESSAGES/postgres-19.mo
./usr/share/locale/el/
./usr/share/locale/el/LC_MESSAGES/
./usr/share/locale/el/LC_MESSAGES/initdb-19.mo
./usr/share/locale/el/LC_MESSAGES/pg_archivecleanup-19.mo
./usr/share/locale/el/LC_MESSAGES/pg_checksums-19.mo
./usr/share/locale/el/LC_MESSAGES/pg_controldata-19.mo
./usr/share/locale/el/LC_MESSAGES/pg_ctl-19.mo
./usr/share/locale/el/LC_MESSAGES/pg_resetwal-19.mo
./usr/share/locale/el/LC_MESSAGES/pg_rewind-19.mo
./usr/share/locale/el/LC_MESSAGES/pg_test_fsync-19.mo
./usr/share/locale/el/LC_MESSAGES/pg_test_timing-19.mo
./usr/share/locale/el/LC_MESSAGES/pg_waldump-19.mo
./usr/share/locale/el/LC_MESSAGES/plpgsql-19.mo
./usr/share/locale/es/
./usr/share/locale/es/LC_MESSAGES/
./usr/share/locale/es/LC_MESSAGES/initdb-19.mo
./usr/share/locale/es/LC_MESSAGES/pg_archivecleanup-19.mo
./usr/share/locale/es/LC_MESSAGES/pg_checksums-19.mo
./usr/share/locale/es/LC_MESSAGES/pg_controldata-19.mo
./usr/share/locale/es/LC_MESSAGES/pg_ctl-19.mo
./usr/share/locale/es/LC_MESSAGES/pg_resetwal-19.mo
./usr/share/locale/es/LC_MESSAGES/pg_rewind-19.mo
./usr/share/locale/es/LC_MESSAGES/pg_test_fsync-19.mo
./usr/share/locale/es/LC_MESSAGES/pg_test_timing-19.mo
./usr/share/locale/es/LC_MESSAGES/pg_upgrade-19.mo
./usr/share/locale/es/LC_MESSAGES/pg_waldump-19.mo
./usr/share/locale/es/LC_MESSAGES/pg_walsummary-19.mo
./usr/share/locale/es/LC_MESSAGES/plpgsql-19.mo
./usr/share/locale/es/LC_MESSAGES/postgres-19.mo
./usr/share/locale/fr/
./usr/share/locale/fr/LC_MESSAGES/
./usr/share/locale/fr/LC_MESSAGES/initdb-19.mo
./usr/share/locale/fr/LC_MESSAGES/pg_archivecleanup-19.mo
./usr/share/locale/fr/LC_MESSAGES/pg_checksums-19.mo
./usr/share/locale/fr/LC_MESSAGES/pg_controldata-19.mo
./usr/share/locale/fr/LC_MESSAGES/pg_ctl-19.mo
./usr/share/locale/fr/LC_MESSAGES/pg_resetwal-19.mo
./usr/share/locale/fr/LC_MESSAGES/pg_rewind-19.mo
./usr/share/locale/fr/LC_MESSAGES/pg_test_fsync-19.mo
./usr/share/locale/fr/LC_MESSAGES/pg_test_timing-19.mo
./usr/share/locale/fr/LC_MESSAGES/pg_upgrade-19.mo
./usr/share/locale/fr/LC_MESSAGES/pg_waldump-19.mo
./usr/share/locale/fr/LC_MESSAGES/pg_walsummary-19.mo
./usr/share/locale/fr/LC_MESSAGES/plpgsql-19.mo
./usr/share/locale/fr/LC_MESSAGES/postgres-19.mo
./usr/share/locale/he/
./usr/share/locale/he/LC_MESSAGES/
./usr/share/locale/he/LC_MESSAGES/initdb-19.mo
./usr/share/locale/he/LC_MESSAGES/pg_ctl-19.mo
./usr/share/locale/id/
./usr/share/locale/id/LC_MESSAGES/
./usr/share/locale/id/LC_MESSAGES/postgres-19.mo
./usr/share/locale/it/
./usr/share/locale/it/LC_MESSAGES/
./usr/share/locale/it/LC_MESSAGES/initdb-19.mo
./usr/share/locale/it/LC_MESSAGES/pg_archivecleanup-19.mo
./usr/share/locale/it/LC_MESSAGES/pg_checksums-19.mo
./usr/share/locale/it/LC_MESSAGES/pg_controldata-19.mo
./usr/share/locale/it/LC_MESSAGES/pg_ctl-19.mo
./usr/share/locale/it/LC_MESSAGES/pg_resetwal-19.mo
./usr/share/locale/it/LC_MESSAGES/pg_rewind-19.mo
./usr/share/locale/it/LC_MESSAGES/pg_test_fsync-19.mo
./usr/share/locale/it/LC_MESSAGES/pg_test_timing-19.mo
./usr/share/locale/it/LC_MESSAGES/pg_waldump-19.mo
./usr/share/locale/it/LC_MESSAGES/plpgsql-19.mo
./usr/share/locale/it/LC_MESSAGES/postgres-19.mo
./usr/share/locale/ja/
./usr/share/locale/ja/LC_MESSAGES/
./usr/share/locale/ja/LC_MESSAGES/initdb-19.mo
./usr/share/locale/ja/LC_MESSAGES/pg_archivecleanup-19.mo
./usr/share/locale/ja/LC_MESSAGES/pg_checksums-19.mo
./usr/share/locale/ja/LC_MESSAGES/pg_controldata-19.mo
./usr/share/locale/ja/LC_MESSAGES/pg_ctl-19.mo
./usr/share/locale/ja/LC_MESSAGES/pg_resetwal-19.mo
./usr/share/locale/ja/LC_MESSAGES/pg_rewind-19.mo
./usr/share/locale/ja/LC_MESSAGES/pg_test_fsync-19.mo
./usr/share/locale/ja/LC_MESSAGES/pg_test_timing-19.mo
./usr/share/locale/ja/LC_MESSAGES/pg_upgrade-19.mo
./usr/share/locale/ja/LC_MESSAGES/pg_waldump-19.mo
./usr/share/locale/ja/LC_MESSAGES/pg_walsummary-19.mo
./usr/share/locale/ja/LC_MESSAGES/plpgsql-19.mo
./usr/share/locale/ja/LC_MESSAGES/postgres-19.mo
./usr/share/locale/ka/
./usr/share/locale/ka/LC_MESSAGES/
./usr/share/locale/ka/LC_MESSAGES/initdb-19.mo
./usr/share/locale/ka/LC_MESSAGES/pg_archivecleanup-19.mo
./usr/share/locale/ka/LC_MESSAGES/pg_checksums-19.mo
./usr/share/locale/ka/LC_MESSAGES/pg_controldata-19.mo
./usr/share/locale/ka/LC_MESSAGES/pg_ctl-19.mo
./usr/share/locale/ka/LC_MESSAGES/pg_resetwal-19.mo
./usr/share/locale/ka/LC_MESSAGES/pg_rewind-19.mo
./usr/share/locale/ka/LC_MESSAGES/pg_test_fsync-19.mo
./usr/share/locale/ka/LC_MESSAGES/pg_test_timing-19.mo
./usr/share/locale/ka/LC_MESSAGES/pg_upgrade-19.mo
./usr/share/locale/ka/LC_MESSAGES/pg_waldump-19.mo
./usr/share/locale/ka/LC_MESSAGES/pg_walsummary-19.mo
./usr/share/locale/ka/LC_MESSAGES/plpgsql-19.mo
./usr/share/locale/ka/LC_MESSAGES/postgres-19.mo
./usr/share/locale/ko/
./usr/share/locale/ko/LC_MESSAGES/
./usr/share/locale/ko/LC_MESSAGES/initdb-19.mo
./usr/share/locale/ko/LC_MESSAGES/pg_archivecleanup-19.mo
./usr/share/locale/ko/LC_MESSAGES/pg_checksums-19.mo
./usr/share/locale/ko/LC_MESSAGES/pg_controldata-19.mo
./usr/share/locale/ko/LC_MESSAGES/pg_ctl-19.mo
./usr/share/locale/ko/LC_MESSAGES/pg_resetwal-19.mo
./usr/share/locale/ko/LC_MESSAGES/pg_rewind-19.mo
./usr/share/locale/ko/LC_MESSAGES/pg_test_fsync-19.mo
./usr/share/locale/ko/LC_MESSAGES/pg_test_timing-19.mo
./usr/share/locale/ko/LC_MESSAGES/pg_upgrade-19.mo
./usr/share/locale/ko/LC_MESSAGES/pg_waldump-19.mo
./usr/share/locale/ko/LC_MESSAGES/pg_walsummary-19.mo
./usr/share/locale/ko/LC_MESSAGES/plpgsql-19.mo
./usr/share/locale/ko/LC_MESSAGES/postgres-19.mo
./usr/share/locale/pl/
./usr/share/locale/pl/LC_MESSAGES/
./usr/share/locale/pl/LC_MESSAGES/initdb-19.mo
./usr/share/locale/pl/LC_MESSAGES/pg_archivecleanup-19.mo
./usr/share/locale/pl/LC_MESSAGES/pg_controldata-19.mo
./usr/share/locale/pl/LC_MESSAGES/pg_ctl-19.mo
./usr/share/locale/pl/LC_MESSAGES/pg_resetwal-19.mo
./usr/share/locale/pl/LC_MESSAGES/pg_rewind-19.mo
./usr/share/locale/pl/LC_MESSAGES/pg_test_fsync-19.mo
./usr/share/locale/pl/LC_MESSAGES/pg_test_timing-19.mo
./usr/share/locale/pl/LC_MESSAGES/plpgsql-19.mo
./usr/share/locale/pl/LC_MESSAGES/postgres-19.mo
./usr/share/locale/pt_BR/
./usr/share/locale/pt_BR/LC_MESSAGES/
./usr/share/locale/pt_BR/LC_MESSAGES/initdb-19.mo
./usr/share/locale/pt_BR/LC_MESSAGES/pg_archivecleanup-19.mo
./usr/share/locale/pt_BR/LC_MESSAGES/pg_checksums-19.mo
./usr/share/locale/pt_BR/LC_MESSAGES/pg_controldata-19.mo
./usr/share/locale/pt_BR/LC_MESSAGES/pg_ctl-19.mo
./usr/share/locale/pt_BR/LC_MESSAGES/pg_resetwal-19.mo
./usr/share/locale/pt_BR/LC_MESSAGES/pg_rewind-19.mo
./usr/share/locale/pt_BR/LC_MESSAGES/pg_test_fsync-19.mo
./usr/share/locale/pt_BR/LC_MESSAGES/pg_test_timing-19.mo
./usr/share/locale/pt_BR/LC_MESSAGES/plpgsql-19.mo
./usr/share/locale/pt_BR/LC_MESSAGES/postgres-19.mo
./usr/share/locale/ro/
./usr/share/locale/ro/LC_MESSAGES/
./usr/share/locale/ro/LC_MESSAGES/plpgsql-19.mo
./usr/share/locale/ru/
./usr/share/locale/ru/LC_MESSAGES/
./usr/share/locale/ru/LC_MESSAGES/initdb-19.mo
./usr/share/locale/ru/LC_MESSAGES/pg_archivecleanup-19.mo
./usr/share/locale/ru/LC_MESSAGES/pg_checksums-19.mo
./usr/share/locale/ru/LC_MESSAGES/pg_controldata-19.mo
./usr/share/locale/ru/LC_MESSAGES/pg_ctl-19.mo
./usr/share/locale/ru/LC_MESSAGES/pg_resetwal-19.mo
./usr/share/locale/ru/LC_MESSAGES/pg_rewind-19.mo
./usr/share/locale/ru/LC_MESSAGES/pg_test_fsync-19.mo
./usr/share/locale/ru/LC_MESSAGES/pg_test_timing-19.mo
./usr/share/locale/ru/LC_MESSAGES/pg_upgrade-19.mo
./usr/share/locale/ru/LC_MESSAGES/pg_waldump-19.mo
./usr/share/locale/ru/LC_MESSAGES/pg_walsummary-19.mo
./usr/share/locale/ru/LC_MESSAGES/plpgsql-19.mo
./usr/share/locale/ru/LC_MESSAGES/postgres-19.mo
./usr/share/locale/sv/
./usr/share/locale/sv/LC_MESSAGES/
./usr/share/locale/sv/LC_MESSAGES/initdb-19.mo
./usr/share/locale/sv/LC_MESSAGES/pg_archivecleanup-19.mo
./usr/share/locale/sv/LC_MESSAGES/pg_checksums-19.mo
./usr/share/locale/sv/LC_MESSAGES/pg_controldata-19.mo
./usr/share/locale/sv/LC_MESSAGES/pg_ctl-19.mo
./usr/share/locale/sv/LC_MESSAGES/pg_resetwal-19.mo
./usr/share/locale/sv/LC_MESSAGES/pg_rewind-19.mo
./usr/share/locale/sv/LC_MESSAGES/pg_test_fsync-19.mo
./usr/share/locale/sv/LC_MESSAGES/pg_test_timing-19.mo
./usr/share/locale/sv/LC_MESSAGES/pg_upgrade-19.mo
./usr/share/locale/sv/LC_MESSAGES/pg_waldump-19.mo
./usr/share/locale/sv/LC_MESSAGES/pg_walsummary-19.mo
./usr/share/locale/sv/LC_MESSAGES/plpgsql-19.mo
./usr/share/locale/sv/LC_MESSAGES/postgres-19.mo
./usr/share/locale/tr/
./usr/share/locale/tr/LC_MESSAGES/
./usr/share/locale/tr/LC_MESSAGES/initdb-19.mo
./usr/share/locale/tr/LC_MESSAGES/pg_archivecleanup-19.mo
./usr/share/locale/tr/LC_MESSAGES/pg_checksums-19.mo
./usr/share/locale/tr/LC_MESSAGES/pg_controldata-19.mo
./usr/share/locale/tr/LC_MESSAGES/pg_ctl-19.mo
./usr/share/locale/tr/LC_MESSAGES/pg_resetwal-19.mo
./usr/share/locale/tr/LC_MESSAGES/pg_rewind-19.mo
./usr/share/locale/tr/LC_MESSAGES/pg_test_fsync-19.mo
./usr/share/locale/tr/LC_MESSAGES/pg_test_timing-19.mo
./usr/share/locale/tr/LC_MESSAGES/pg_upgrade-19.mo
./usr/share/locale/tr/LC_MESSAGES/pg_waldump-19.mo
./usr/share/locale/tr/LC_MESSAGES/plpgsql-19.mo
./usr/share/locale/tr/LC_MESSAGES/postgres-19.mo
./usr/share/locale/uk/
./usr/share/locale/uk/LC_MESSAGES/
./usr/share/locale/uk/LC_MESSAGES/initdb-19.mo
./usr/share/locale/uk/LC_MESSAGES/pg_archivecleanup-19.mo
./usr/share/locale/uk/LC_MESSAGES/pg_checksums-19.mo
./usr/share/locale/uk/LC_MESSAGES/pg_controldata-19.mo
./usr/share/locale/uk/LC_MESSAGES/pg_ctl-19.mo
./usr/share/locale/uk/LC_MESSAGES/pg_resetwal-19.mo
./usr/share/locale/uk/LC_MESSAGES/pg_rewind-19.mo
./usr/share/locale/uk/LC_MESSAGES/pg_test_fsync-19.mo
./usr/share/locale/uk/LC_MESSAGES/pg_test_timing-19.mo
./usr/share/locale/uk/LC_MESSAGES/pg_upgrade-19.mo
./usr/share/locale/uk/LC_MESSAGES/pg_waldump-19.mo
./usr/share/locale/uk/LC_MESSAGES/pg_walsummary-19.mo
./usr/share/locale/uk/LC_MESSAGES/plpgsql-19.mo
./usr/share/locale/uk/LC_MESSAGES/postgres-19.mo
./usr/share/locale/vi/
./usr/share/locale/vi/LC_MESSAGES/
./usr/share/locale/vi/LC_MESSAGES/initdb-19.mo
./usr/share/locale/vi/LC_MESSAGES/pg_archivecleanup-19.mo
./usr/share/locale/vi/LC_MESSAGES/pg_controldata-19.mo
./usr/share/locale/vi/LC_MESSAGES/pg_test_fsync-19.mo
./usr/share/locale/vi/LC_MESSAGES/pg_test_timing-19.mo
./usr/share/locale/vi/LC_MESSAGES/pg_waldump-19.mo
./usr/share/locale/vi/LC_MESSAGES/plpgsql-19.mo
./usr/share/locale/zh_CN/
./usr/share/locale/zh_CN/LC_MESSAGES/
./usr/share/locale/zh_CN/LC_MESSAGES/initdb-19.mo
./usr/share/locale/zh_CN/LC_MESSAGES/pg_archivecleanup-19.mo
./usr/share/locale/zh_CN/LC_MESSAGES/pg_checksums-19.mo
./usr/share/locale/zh_CN/LC_MESSAGES/pg_controldata-19.mo
./usr/share/locale/zh_CN/LC_MESSAGES/pg_ctl-19.mo
./usr/share/locale/zh_CN/LC_MESSAGES/pg_resetwal-19.mo
./usr/share/locale/zh_CN/LC_MESSAGES/pg_rewind-19.mo
./usr/share/locale/zh_CN/LC_MESSAGES/pg_test_fsync-19.mo
./usr/share/locale/zh_CN/LC_MESSAGES/pg_test_timing-19.mo
./usr/share/locale/zh_CN/LC_MESSAGES/pg_upgrade-19.mo
./usr/share/locale/zh_CN/LC_MESSAGES/pg_waldump-19.mo
./usr/share/locale/zh_CN/LC_MESSAGES/plpgsql-19.mo
./usr/share/locale/zh_CN/LC_MESSAGES/postgres-19.mo
./usr/share/locale/zh_TW/
./usr/share/locale/zh_TW/LC_MESSAGES/
./usr/share/locale/zh_TW/LC_MESSAGES/initdb-19.mo
./usr/share/locale/zh_TW/LC_MESSAGES/pg_checksums-19.mo
./usr/share/locale/zh_TW/LC_MESSAGES/pg_controldata-19.mo
./usr/share/locale/zh_TW/LC_MESSAGES/pg_ctl-19.mo
./usr/share/locale/zh_TW/LC_MESSAGES/pg_rewind-19.mo
./usr/share/locale/zh_TW/LC_MESSAGES/pg_test_fsync-19.mo
./usr/share/locale/zh_TW/LC_MESSAGES/pg_test_timing-19.mo
./usr/share/locale/zh_TW/LC_MESSAGES/pg_waldump-19.mo
./usr/share/locale/zh_TW/LC_MESSAGES/plpgsql-19.mo
./usr/share/postgresql/
./usr/share/postgresql/19/
./usr/share/postgresql/19/catalog_version
./usr/share/postgresql/19/contrib/
./usr/share/postgresql/19/contrib/sepgsql.sql
./usr/share/postgresql/19/errcodes.txt
./usr/share/postgresql/19/extension/
./usr/share/postgresql/19/extension/amcheck--1.0--1.1.sql
./usr/share/postgresql/19/extension/amcheck--1.0.sql
./usr/share/postgresql/19/extension/amcheck--1.1--1.2.sql
./usr/share/postgresql/19/extension/amcheck--1.2--1.3.sql
./usr/share/postgresql/19/extension/amcheck--1.3--1.4.sql
./usr/share/postgresql/19/extension/amcheck--1.4--1.5.sql
./usr/share/postgresql/19/extension/amcheck.control
./usr/share/postgresql/19/extension/autoinc--1.0.sql
./usr/share/postgresql/19/extension/autoinc.control
./usr/share/postgresql/19/extension/bloom--1.0.sql
./usr/share/postgresql/19/extension/bloom.control
./usr/share/postgresql/19/extension/btree_gin--1.0--1.1.sql
./usr/share/postgresql/19/extension/btree_gin--1.0.sql
./usr/share/postgresql/19/extension/btree_gin--1.1--1.2.sql
./usr/share/postgresql/19/extension/btree_gin--1.2--1.3.sql
./usr/share/postgresql/19/extension/btree_gin--1.3--1.4.sql
./usr/share/postgresql/19/extension/btree_gin.control
./usr/share/postgresql/19/extension/btree_gist--1.0--1.1.sql
./usr/share/postgresql/19/extension/btree_gist--1.1--1.2.sql
./usr/share/postgresql/19/extension/btree_gist--1.2--1.3.sql
./usr/share/postgresql/19/extension/btree_gist--1.3--1.4.sql
./usr/share/postgresql/19/extension/btree_gist--1.4--1.5.sql
./usr/share/postgresql/19/extension/btree_gist--1.5--1.6.sql
./usr/share/postgresql/19/extension/btree_gist--1.6--1.7.sql
./usr/share/postgresql/19/extension/btree_gist--1.7--1.8.sql
./usr/share/postgresql/19/extension/btree_gist--1.8--1.9.sql
./usr/share/postgresql/19/extension/btree_gist--1.9.sql
./usr/share/postgresql/19/extension/btree_gist.control
./usr/share/postgresql/19/extension/citext--1.0--1.1.sql
./usr/share/postgresql/19/extension/citext--1.1--1.2.sql
./usr/share/postgresql/19/extension/citext--1.2--1.3.sql
./usr/share/postgresql/19/extension/citext--1.3--1.4.sql
./usr/share/postgresql/19/extension/citext--1.4--1.5.sql
./usr/share/postgresql/19/extension/citext--1.4.sql
./usr/share/postgresql/19/extension/citext--1.5--1.6.sql
./usr/share/postgresql/19/extension/citext--1.6--1.7.sql
./usr/share/postgresql/19/extension/citext--1.7--1.8.sql
./usr/share/postgresql/19/extension/citext.control
./usr/share/postgresql/19/extension/cube--1.0--1.1.sql
./usr/share/postgresql/19/extension/cube--1.1--1.2.sql
./usr/share/postgresql/19/extension/cube--1.2--1.3.sql
./usr/share/postgresql/19/extension/cube--1.2.sql
./usr/share/postgresql/19/extension/cube--1.3--1.4.sql
./usr/share/postgresql/19/extension/cube--1.4--1.5.sql
./usr/share/postgresql/19/extension/cube.control
./usr/share/postgresql/19/extension/dblink--1.0--1.1.sql
./usr/share/postgresql/19/extension/dblink--1.1--1.2.sql
./usr/share/postgresql/19/extension/dblink--1.2.sql
./usr/share/postgresql/19/extension/dblink.control
./usr/share/postgresql/19/extension/dict_int--1.0.sql
./usr/share/postgresql/19/extension/dict_int.control
./usr/share/postgresql/19/extension/dict_xsyn--1.0.sql
./usr/share/postgresql/19/extension/dict_xsyn.control
./usr/share/postgresql/19/extension/earthdistance--1.0--1.1.sql
./usr/share/postgresql/19/extension/earthdistance--1.1--1.2.sql
./usr/share/postgresql/19/extension/earthdistance--1.1.sql
./usr/share/postgresql/19/extension/earthdistance.control
./usr/share/postgresql/19/extension/file_fdw--1.0.sql
./usr/share/postgresql/19/extension/file_fdw.control
./usr/share/postgresql/19/extension/fuzzystrmatch--1.0--1.1.sql
./usr/share/postgresql/19/extension/fuzzystrmatch--1.1--1.2.sql
./usr/share/postgresql/19/extension/fuzzystrmatch--1.1.sql
./usr/share/postgresql/19/extension/fuzzystrmatch.control
./usr/share/postgresql/19/extension/hstore--1.1--1.2.sql
./usr/share/postgresql/19/extension/hstore--1.2--1.3.sql
./usr/share/postgresql/19/extension/hstore--1.3--1.4.sql
./usr/share/postgresql/19/extension/hstore--1.4--1.5.sql
./usr/share/postgresql/19/extension/hstore--1.4.sql
./usr/share/postgresql/19/extension/hstore--1.5--1.6.sql
./usr/share/postgresql/19/extension/hstore--1.6--1.7.sql
./usr/share/postgresql/19/extension/hstore--1.7--1.8.sql
./usr/share/postgresql/19/extension/hstore.control
./usr/share/postgresql/19/extension/insert_username--1.0.sql
./usr/share/postgresql/19/extension/insert_username.control
./usr/share/postgresql/19/extension/intagg--1.0--1.1.sql
./usr/share/postgresql/19/extension/intagg--1.1.sql
./usr/share/postgresql/19/extension/intagg.control
./usr/share/postgresql/19/extension/intarray--1.0--1.1.sql
./usr/share/postgresql/19/extension/intarray--1.1--1.2.sql
./usr/share/postgresql/19/extension/intarray--1.2--1.3.sql
./usr/share/postgresql/19/extension/intarray--1.2.sql
./usr/share/postgresql/19/extension/intarray--1.3--1.4.sql
./usr/share/postgresql/19/extension/intarray--1.4--1.5.sql
./usr/share/postgresql/19/extension/intarray.control
./usr/share/postgresql/19/extension/isn--1.0--1.1.sql
./usr/share/postgresql/19/extension/isn--1.1--1.2.sql
./usr/share/postgresql/19/extension/isn--1.1.sql
./usr/share/postgresql/19/extension/isn--1.2--1.3.sql
./usr/share/postgresql/19/extension/isn.control
./usr/share/postgresql/19/extension/lo--1.0--1.1.sql
./usr/share/postgresql/19/extension/lo--1.1--1.2.sql
./usr/share/postgresql/19/extension/lo--1.1.sql
./usr/share/postgresql/19/extension/lo.control
./usr/share/postgresql/19/extension/ltree--1.0--1.1.sql
./usr/share/postgresql/19/extension/ltree--1.1--1.2.sql
./usr/share/postgresql/19/extension/ltree--1.1.sql
./usr/share/postgresql/19/extension/ltree--1.2--1.3.sql
./usr/share/postgresql/19/extension/ltree.control
./usr/share/postgresql/19/extension/moddatetime--1.0.sql
./usr/share/postgresql/19/extension/moddatetime.control
./usr/share/postgresql/19/extension/pageinspect--1.0--1.1.sql
./usr/share/postgresql/19/extension/pageinspect--1.1--1.2.sql
./usr/share/postgresql/19/extension/pageinspect--1.10--1.11.sql
./usr/share/postgresql/19/extension/pageinspect--1.11--1.12.sql
./usr/share/postgresql/19/extension/pageinspect--1.12--1.13.sql
./usr/share/postgresql/19/extension/pageinspect--1.2--1.3.sql
./usr/share/postgresql/19/extension/pageinspect--1.3--1.4.sql
./usr/share/postgresql/19/extension/pageinspect--1.4--1.5.sql
./usr/share/postgresql/19/extension/pageinspect--1.5--1.6.sql
./usr/share/postgresql/19/extension/pageinspect--1.5.sql
./usr/share/postgresql/19/extension/pageinspect--1.6--1.7.sql
./usr/share/postgresql/19/extension/pageinspect--1.7--1.8.sql
./usr/share/postgresql/19/extension/pageinspect--1.8--1.9.sql
./usr/share/postgresql/19/extension/pageinspect--1.9--1.10.sql
./usr/share/postgresql/19/extension/pageinspect.control
./usr/share/postgresql/19/extension/pg_buffercache--1.0--1.1.sql
./usr/share/postgresql/19/extension/pg_buffercache--1.1--1.2.sql
./usr/share/postgresql/19/extension/pg_buffercache--1.2--1.3.sql
./usr/share/postgresql/19/extension/pg_buffercache--1.2.sql
./usr/share/postgresql/19/extension/pg_buffercache--1.3--1.4.sql
./usr/share/postgresql/19/extension/pg_buffercache--1.4--1.5.sql
./usr/share/postgresql/19/extension/pg_buffercache--1.5--1.6.sql
./usr/share/postgresql/19/extension/pg_buffercache--1.6--1.7.sql
./usr/share/postgresql/19/extension/pg_buffercache.control
./usr/share/postgresql/19/extension/pg_freespacemap--1.0--1.1.sql
./usr/share/postgresql/19/extension/pg_freespacemap--1.1--1.2.sql
./usr/share/postgresql/19/extension/pg_freespacemap--1.1.sql
./usr/share/postgresql/19/extension/pg_freespacemap--1.2--1.3.sql
./usr/share/postgresql/19/extension/pg_freespacemap.control
./usr/share/postgresql/19/extension/pg_logicalinspect--1.0.sql
./usr/share/postgresql/19/extension/pg_logicalinspect.control
./usr/share/postgresql/19/extension/pg_prewarm--1.0--1.1.sql
./usr/share/postgresql/19/extension/pg_prewarm--1.1--1.2.sql
./usr/share/postgresql/19/extension/pg_prewarm--1.1.sql
./usr/share/postgresql/19/extension/pg_prewarm.control
./usr/share/postgresql/19/extension/pg_stash_advice--1.0.sql
./usr/share/postgresql/19/extension/pg_stash_advice.control
./usr/share/postgresql/19/extension/pg_stat_statements--1.0--1.1.sql
./usr/share/postgresql/19/extension/pg_stat_statements--1.1--1.2.sql
./usr/share/postgresql/19/extension/pg_stat_statements--1.10--1.11.sql
./usr/share/postgresql/19/extension/pg_stat_statements--1.11--1.12.sql
./usr/share/postgresql/19/extension/pg_stat_statements--1.12--1.13.sql
./usr/share/postgresql/19/extension/pg_stat_statements--1.2--1.3.sql
./usr/share/postgresql/19/extension/pg_stat_statements--1.3--1.4.sql
./usr/share/postgresql/19/extension/pg_stat_statements--1.4--1.5.sql
./usr/share/postgresql/19/extension/pg_stat_statements--1.4.sql
./usr/share/postgresql/19/extension/pg_stat_statements--1.5--1.6.sql
./usr/share/postgresql/19/extension/pg_stat_statements--1.6--1.7.sql
./usr/share/postgresql/19/extension/pg_stat_statements--1.7--1.8.sql
./usr/share/postgresql/19/extension/pg_stat_statements--1.8--1.9.sql
./usr/share/postgresql/19/extension/pg_stat_statements--1.9--1.10.sql
./usr/share/postgresql/19/extension/pg_stat_statements.control
./usr/share/postgresql/19/extension/pg_surgery--1.0.sql
./usr/share/postgresql/19/extension/pg_surgery.control
./usr/share/postgresql/19/extension/pg_trgm--1.0--1.1.sql
./usr/share/postgresql/19/extension/pg_trgm--1.1--1.2.sql
./usr/share/postgresql/19/extension/pg_trgm--1.2--1.3.sql
./usr/share/postgresql/19/extension/pg_trgm--1.3--1.4.sql
./usr/share/postgresql/19/extension/pg_trgm--1.3.sql
./usr/share/postgresql/19/extension/pg_trgm--1.4--1.5.sql
./usr/share/postgresql/19/extension/pg_trgm--1.5--1.6.sql
./usr/share/postgresql/19/extension/pg_trgm.control
./usr/share/postgresql/19/extension/pg_visibility--1.0--1.1.sql
./usr/share/postgresql/19/extension/pg_visibility--1.1--1.2.sql
./usr/share/postgresql/19/extension/pg_visibility--1.1.sql
./usr/share/postgresql/19/extension/pg_visibility.control
./usr/share/postgresql/19/extension/pg_walinspect--1.0--1.1.sql
./usr/share/postgresql/19/extension/pg_walinspect--1.0.sql
./usr/share/postgresql/19/extension/pg_walinspect.control
./usr/share/postgresql/19/extension/pgcrypto--1.0--1.1.sql
./usr/share/postgresql/19/extension/pgcrypto--1.1--1.2.sql
./usr/share/postgresql/19/extension/pgcrypto--1.2--1.3.sql
./usr/share/postgresql/19/extension/pgcrypto--1.3--1.4.sql
./usr/share/postgresql/19/extension/pgcrypto--1.3.sql
./usr/share/postgresql/19/extension/pgcrypto.control
./usr/share/postgresql/19/extension/pgrowlocks--1.0--1.1.sql
./usr/share/postgresql/19/extension/pgrowlocks--1.1--1.2.sql
./usr/share/postgresql/19/extension/pgrowlocks--1.2.sql
./usr/share/postgresql/19/extension/pgrowlocks.control
./usr/share/postgresql/19/extension/pgstattuple--1.0--1.1.sql
./usr/share/postgresql/19/extension/pgstattuple--1.1--1.2.sql
./usr/share/postgresql/19/extension/pgstattuple--1.2--1.3.sql
./usr/share/postgresql/19/extension/pgstattuple--1.3--1.4.sql
./usr/share/postgresql/19/extension/pgstattuple--1.4--1.5.sql
./usr/share/postgresql/19/extension/pgstattuple--1.4.sql
./usr/share/postgresql/19/extension/pgstattuple.control
./usr/share/postgresql/19/extension/plpgsql--1.0.sql
./usr/share/postgresql/19/extension/plpgsql.control
./usr/share/postgresql/19/extension/postgres_fdw--1.0--1.1.sql
./usr/share/postgresql/19/extension/postgres_fdw--1.0.sql
./usr/share/postgresql/19/extension/postgres_fdw--1.1--1.2.sql
./usr/share/postgresql/19/extension/postgres_fdw--1.2--1.3.sql
./usr/share/postgresql/19/extension/postgres_fdw.control
./usr/share/postgresql/19/extension/refint--1.0.sql
./usr/share/postgresql/19/extension/refint.control
./usr/share/postgresql/19/extension/seg--1.0--1.1.sql
./usr/share/postgresql/19/extension/seg--1.1--1.2.sql
./usr/share/postgresql/19/extension/seg--1.1.sql
./usr/share/postgresql/19/extension/seg--1.2--1.3.sql
./usr/share/postgresql/19/extension/seg--1.3--1.4.sql
./usr/share/postgresql/19/extension/seg.control
./usr/share/postgresql/19/extension/sslinfo--1.0--1.1.sql
./usr/share/postgresql/19/extension/sslinfo--1.1--1.2.sql
./usr/share/postgresql/19/extension/sslinfo--1.2.sql
./usr/share/postgresql/19/extension/sslinfo.control
./usr/share/postgresql/19/extension/tablefunc--1.0.sql
./usr/share/postgresql/19/extension/tablefunc.control
./usr/share/postgresql/19/extension/tcn--1.0.sql
./usr/share/postgresql/19/extension/tcn.control
./usr/share/postgresql/19/extension/tsm_system_rows--1.0.sql
./usr/share/postgresql/19/extension/tsm_system_rows.control
./usr/share/postgresql/19/extension/tsm_system_time--1.0.sql
./usr/share/postgresql/19/extension/tsm_system_time.control
./usr/share/postgresql/19/extension/unaccent--1.0--1.1.sql
./usr/share/postgresql/19/extension/unaccent--1.1.sql
./usr/share/postgresql/19/extension/unaccent.control
./usr/share/postgresql/19/extension/uuid-ossp--1.0--1.1.sql
./usr/share/postgresql/19/extension/uuid-ossp--1.1.sql
./usr/share/postgresql/19/extension/uuid-ossp.control
./usr/share/postgresql/19/extension/xml2--1.0--1.1.sql
./usr/share/postgresql/19/extension/xml2--1.1--1.2.sql
./usr/share/postgresql/19/extension/xml2--1.1.sql
./usr/share/postgresql/19/extension/xml2.control
./usr/share/postgresql/19/information_schema.sql
./usr/share/postgresql/19/man/
./usr/share/postgresql/19/man/man1/
./usr/share/postgresql/19/man/man1/initdb.1.gz
./usr/share/postgresql/19/man/man1/oid2name.1.gz
./usr/share/postgresql/19/man/man1/pg_archivecleanup.1.gz
./usr/share/postgresql/19/man/man1/pg_checksums.1.gz
./usr/share/postgresql/19/man/man1/pg_controldata.1.gz
./usr/share/postgresql/19/man/man1/pg_createsubscriber.1.gz
./usr/share/postgresql/19/man/man1/pg_ctl.1.gz
./usr/share/postgresql/19/man/man1/pg_resetwal.1.gz
./usr/share/postgresql/19/man/man1/pg_rewind.1.gz
./usr/share/postgresql/19/man/man1/pg_test_fsync.1.gz
./usr/share/postgresql/19/man/man1/pg_test_timing.1.gz
./usr/share/postgresql/19/man/man1/pg_upgrade.1.gz
./usr/share/postgresql/19/man/man1/pg_waldump.1.gz
./usr/share/postgresql/19/man/man1/pg_walsummary.1.gz
./usr/share/postgresql/19/man/man1/pgbench.1.gz
./usr/share/postgresql/19/man/man1/postgres.1.gz
./usr/share/postgresql/19/man/man1/vacuumlo.1.gz
./usr/share/postgresql/19/pg_hba.conf.sample
./usr/share/postgresql/19/pg_hosts.conf.sample
./usr/share/postgresql/19/pg_ident.conf.sample
./usr/share/postgresql/19/pg_service.conf.sample
./usr/share/postgresql/19/postgres.bki
./usr/share/postgresql/19/postgresql.conf.sample
./usr/share/postgresql/19/snowball_create.sql
./usr/share/postgresql/19/sql_features.txt
./usr/share/postgresql/19/system_constraints.sql
./usr/share/postgresql/19/system_functions.sql
./usr/share/postgresql/19/system_views.sql
./usr/share/postgresql/19/timezonesets/
./usr/share/postgresql/19/timezonesets/Africa.txt
./usr/share/postgresql/19/timezonesets/America.txt
./usr/share/postgresql/19/timezonesets/Antarctica.txt
./usr/share/postgresql/19/timezonesets/Asia.txt
./usr/share/postgresql/19/timezonesets/Atlantic.txt
./usr/share/postgresql/19/timezonesets/Australia
./usr/share/postgresql/19/timezonesets/Australia.txt
./usr/share/postgresql/19/timezonesets/Default
./usr/share/postgresql/19/timezonesets/Etc.txt
./usr/share/postgresql/19/timezonesets/Europe.txt
./usr/share/postgresql/19/timezonesets/India
./usr/share/postgresql/19/timezonesets/Indian.txt
./usr/share/postgresql/19/timezonesets/Pacific.txt
./usr/share/postgresql/19/tsearch_data/
./usr/share/postgresql/19/tsearch_data/danish.stop
./usr/share/postgresql/19/tsearch_data/dutch.stop
./usr/share/postgresql/19/tsearch_data/english.stop
./usr/share/postgresql/19/tsearch_data/finnish.stop
./usr/share/postgresql/19/tsearch_data/french.stop
./usr/share/postgresql/19/tsearch_data/german.stop
./usr/share/postgresql/19/tsearch_data/hungarian.stop
./usr/share/postgresql/19/tsearch_data/hunspell_sample.affix
./usr/share/postgresql/19/tsearch_data/hunspell_sample_long.affix
./usr/share/postgresql/19/tsearch_data/hunspell_sample_long.dict
./usr/share/postgresql/19/tsearch_data/hunspell_sample_num.affix
./usr/share/postgresql/19/tsearch_data/hunspell_sample_num.dict
./usr/share/postgresql/19/tsearch_data/ispell_sample.affix
./usr/share/postgresql/19/tsearch_data/ispell_sample.dict
./usr/share/postgresql/19/tsearch_data/italian.stop
./usr/share/postgresql/19/tsearch_data/nepali.stop
./usr/share/postgresql/19/tsearch_data/norwegian.stop
./usr/share/postgresql/19/tsearch_data/portuguese.stop
./usr/share/postgresql/19/tsearch_data/russian.stop
./usr/share/postgresql/19/tsearch_data/spanish.stop
./usr/share/postgresql/19/tsearch_data/swedish.stop
./usr/share/postgresql/19/tsearch_data/synonym_sample.syn
./usr/share/postgresql/19/tsearch_data/thesaurus_sample.ths
./usr/share/postgresql/19/tsearch_data/turkish.stop
./usr/share/postgresql/19/tsearch_data/unaccent.rules
./usr/share/postgresql/19/tsearch_data/xsyn_sample.rules
./usr/share/doc/postgresql-19/README.Debian.gz
laborant@ubuntu-01:~$ ls
control.tar.xz  data.tar.xz  debian-binary  postgresql-19_19~beta3-1.pgdg+1_amd64.deb
laborant@ubuntu-01:~$ 
laborant@ubuntu-01:~$ tar tf data.tar.xz 
./
./usr/
./usr/lib/
./usr/lib/postgresql/
./usr/lib/postgresql/19/
./usr/lib/postgresql/19/bin/
./usr/lib/postgresql/19/bin/initdb
./usr/lib/postgresql/19/bin/oid2name
./usr/lib/postgresql/19/bin/pg_archivecleanup
./usr/lib/postgresql/19/bin/pg_checksums
./usr/lib/postgresql/19/bin/pg_controldata
./usr/lib/postgresql/19/bin/pg_createsubscriber
./usr/lib/postgresql/19/bin/pg_ctl
./usr/lib/postgresql/19/bin/pg_resetwal
./usr/lib/postgresql/19/bin/pg_rewind
./usr/lib/postgresql/19/bin/pg_test_fsync
./usr/lib/postgresql/19/bin/pg_test_timing
./usr/lib/postgresql/19/bin/pg_upgrade
./usr/lib/postgresql/19/bin/pg_waldump
./usr/lib/postgresql/19/bin/pg_walsummary
./usr/lib/postgresql/19/bin/pgbench
./usr/lib/postgresql/19/bin/postgres
./usr/lib/postgresql/19/bin/vacuumlo
./usr/lib/postgresql/19/lib/
./usr/lib/postgresql/19/lib/_int.so
./usr/lib/postgresql/19/lib/amcheck.so
./usr/lib/postgresql/19/lib/auth_delay.so
./usr/lib/postgresql/19/lib/auto_explain.so
./usr/lib/postgresql/19/lib/autoinc.so
./usr/lib/postgresql/19/lib/basebackup_to_shell.so
./usr/lib/postgresql/19/lib/basic_archive.so
./usr/lib/postgresql/19/lib/bloom.so
./usr/lib/postgresql/19/lib/btree_gin.so
./usr/lib/postgresql/19/lib/btree_gist.so
./usr/lib/postgresql/19/lib/citext.so
./usr/lib/postgresql/19/lib/cube.so
./usr/lib/postgresql/19/lib/cyrillic.so
./usr/lib/postgresql/19/lib/dblink.so
./usr/lib/postgresql/19/lib/dict_int.so
./usr/lib/postgresql/19/lib/dict_snowball.so
./usr/lib/postgresql/19/lib/dict_xsyn.so
./usr/lib/postgresql/19/lib/earthdistance.so
./usr/lib/postgresql/19/lib/euc2004_sjis2004.so
./usr/lib/postgresql/19/lib/euc_jp_and_sjis.so
./usr/lib/postgresql/19/lib/euc_tw_and_big5.so
./usr/lib/postgresql/19/lib/file_fdw.so
./usr/lib/postgresql/19/lib/fuzzystrmatch.so
./usr/lib/postgresql/19/lib/hstore.so
./usr/lib/postgresql/19/lib/insert_username.so
./usr/lib/postgresql/19/lib/isn.so
./usr/lib/postgresql/19/lib/latin2_and_win1250.so
./usr/lib/postgresql/19/lib/libpqwalreceiver.so
./usr/lib/postgresql/19/lib/lo.so
./usr/lib/postgresql/19/lib/ltree.so
./usr/lib/postgresql/19/lib/moddatetime.so
./usr/lib/postgresql/19/lib/pageinspect.so
./usr/lib/postgresql/19/lib/passwordcheck.so
./usr/lib/postgresql/19/lib/pg_buffercache.so
./usr/lib/postgresql/19/lib/pg_freespacemap.so
./usr/lib/postgresql/19/lib/pg_logicalinspect.so
./usr/lib/postgresql/19/lib/pg_overexplain.so
./usr/lib/postgresql/19/lib/pg_plan_advice.so
./usr/lib/postgresql/19/lib/pg_prewarm.so
./usr/lib/postgresql/19/lib/pg_stash_advice.so
./usr/lib/postgresql/19/lib/pg_stat_statements.so
./usr/lib/postgresql/19/lib/pg_surgery.so
./usr/lib/postgresql/19/lib/pg_trgm.so
./usr/lib/postgresql/19/lib/pg_visibility.so
./usr/lib/postgresql/19/lib/pg_walinspect.so
./usr/lib/postgresql/19/lib/pgcrypto.so
./usr/lib/postgresql/19/lib/pgoutput.so
./usr/lib/postgresql/19/lib/pgrepack.so
./usr/lib/postgresql/19/lib/pgrowlocks.so
./usr/lib/postgresql/19/lib/pgstattuple.so
./usr/lib/postgresql/19/lib/pgxml.so
./usr/lib/postgresql/19/lib/plpgsql.so
./usr/lib/postgresql/19/lib/postgres_fdw.so
./usr/lib/postgresql/19/lib/refint.so
./usr/lib/postgresql/19/lib/seg.so
./usr/lib/postgresql/19/lib/sepgsql.so
./usr/lib/postgresql/19/lib/sslinfo.so
./usr/lib/postgresql/19/lib/tablefunc.so
./usr/lib/postgresql/19/lib/tcn.so
./usr/lib/postgresql/19/lib/test_decoding.so
./usr/lib/postgresql/19/lib/tsm_system_rows.so
./usr/lib/postgresql/19/lib/tsm_system_time.so
./usr/lib/postgresql/19/lib/unaccent.so
./usr/lib/postgresql/19/lib/utf8_and_big5.so
./usr/lib/postgresql/19/lib/utf8_and_cyrillic.so
./usr/lib/postgresql/19/lib/utf8_and_euc2004.so
./usr/lib/postgresql/19/lib/utf8_and_euc_cn.so
./usr/lib/postgresql/19/lib/utf8_and_euc_jp.so
./usr/lib/postgresql/19/lib/utf8_and_euc_kr.so
./usr/lib/postgresql/19/lib/utf8_and_euc_tw.so
./usr/lib/postgresql/19/lib/utf8_and_gb18030.so
./usr/lib/postgresql/19/lib/utf8_and_gbk.so
./usr/lib/postgresql/19/lib/utf8_and_iso8859.so
./usr/lib/postgresql/19/lib/utf8_and_iso8859_1.so
./usr/lib/postgresql/19/lib/utf8_and_johab.so
./usr/lib/postgresql/19/lib/utf8_and_sjis.so
./usr/lib/postgresql/19/lib/utf8_and_sjis2004.so
./usr/lib/postgresql/19/lib/utf8_and_uhc.so
./usr/lib/postgresql/19/lib/utf8_and_win.so
./usr/lib/postgresql/19/lib/uuid-ossp.so
./usr/share/
./usr/share/doc/
./usr/share/doc/postgresql-19/
./usr/share/doc/postgresql-19/changelog.Debian.gz
./usr/share/doc/postgresql-19/changelog.gz
./usr/share/doc/postgresql-19/copyright
./usr/share/doc/postgresql-19/examples/
./usr/share/doc/postgresql-19/examples/autoinc.example
./usr/share/doc/postgresql-19/examples/insert_username.example
./usr/share/doc/postgresql-19/examples/moddatetime.example
./usr/share/doc/postgresql-19/examples/refint.example
./usr/share/lintian/
./usr/share/lintian/overrides/
./usr/share/lintian/overrides/postgresql-19
./usr/share/locale/
./usr/share/locale/cs/
./usr/share/locale/cs/LC_MESSAGES/
./usr/share/locale/cs/LC_MESSAGES/initdb-19.mo
./usr/share/locale/cs/LC_MESSAGES/pg_archivecleanup-19.mo
./usr/share/locale/cs/LC_MESSAGES/pg_checksums-19.mo
./usr/share/locale/cs/LC_MESSAGES/pg_controldata-19.mo
./usr/share/locale/cs/LC_MESSAGES/pg_ctl-19.mo
./usr/share/locale/cs/LC_MESSAGES/pg_resetwal-19.mo
./usr/share/locale/cs/LC_MESSAGES/pg_rewind-19.mo
./usr/share/locale/cs/LC_MESSAGES/pg_test_fsync-19.mo
./usr/share/locale/cs/LC_MESSAGES/pg_test_timing-19.mo
./usr/share/locale/cs/LC_MESSAGES/pg_upgrade-19.mo
./usr/share/locale/cs/LC_MESSAGES/pg_waldump-19.mo
./usr/share/locale/cs/LC_MESSAGES/plpgsql-19.mo
./usr/share/locale/de/
./usr/share/locale/de/LC_MESSAGES/
./usr/share/locale/de/LC_MESSAGES/initdb-19.mo
./usr/share/locale/de/LC_MESSAGES/pg_archivecleanup-19.mo
./usr/share/locale/de/LC_MESSAGES/pg_checksums-19.mo
./usr/share/locale/de/LC_MESSAGES/pg_controldata-19.mo
./usr/share/locale/de/LC_MESSAGES/pg_ctl-19.mo
./usr/share/locale/de/LC_MESSAGES/pg_resetwal-19.mo
./usr/share/locale/de/LC_MESSAGES/pg_rewind-19.mo
./usr/share/locale/de/LC_MESSAGES/pg_test_fsync-19.mo
./usr/share/locale/de/LC_MESSAGES/pg_test_timing-19.mo
./usr/share/locale/de/LC_MESSAGES/pg_upgrade-19.mo
./usr/share/locale/de/LC_MESSAGES/pg_waldump-19.mo
./usr/share/locale/de/LC_MESSAGES/pg_walsummary-19.mo
./usr/share/locale/de/LC_MESSAGES/plpgsql-19.mo
./usr/share/locale/de/LC_MESSAGES/postgres-19.mo
./usr/share/locale/el/
./usr/share/locale/el/LC_MESSAGES/
./usr/share/locale/el/LC_MESSAGES/initdb-19.mo
./usr/share/locale/el/LC_MESSAGES/pg_archivecleanup-19.mo
./usr/share/locale/el/LC_MESSAGES/pg_checksums-19.mo
./usr/share/locale/el/LC_MESSAGES/pg_controldata-19.mo
./usr/share/locale/el/LC_MESSAGES/pg_ctl-19.mo
./usr/share/locale/el/LC_MESSAGES/pg_resetwal-19.mo
./usr/share/locale/el/LC_MESSAGES/pg_rewind-19.mo
./usr/share/locale/el/LC_MESSAGES/pg_test_fsync-19.mo
./usr/share/locale/el/LC_MESSAGES/pg_test_timing-19.mo
./usr/share/locale/el/LC_MESSAGES/pg_waldump-19.mo
./usr/share/locale/el/LC_MESSAGES/plpgsql-19.mo
./usr/share/locale/es/
./usr/share/locale/es/LC_MESSAGES/
./usr/share/locale/es/LC_MESSAGES/initdb-19.mo
./usr/share/locale/es/LC_MESSAGES/pg_archivecleanup-19.mo
./usr/share/locale/es/LC_MESSAGES/pg_checksums-19.mo
./usr/share/locale/es/LC_MESSAGES/pg_controldata-19.mo
./usr/share/locale/es/LC_MESSAGES/pg_ctl-19.mo
./usr/share/locale/es/LC_MESSAGES/pg_resetwal-19.mo
./usr/share/locale/es/LC_MESSAGES/pg_rewind-19.mo
./usr/share/locale/es/LC_MESSAGES/pg_test_fsync-19.mo
./usr/share/locale/es/LC_MESSAGES/pg_test_timing-19.mo
./usr/share/locale/es/LC_MESSAGES/pg_upgrade-19.mo
./usr/share/locale/es/LC_MESSAGES/pg_waldump-19.mo
./usr/share/locale/es/LC_MESSAGES/pg_walsummary-19.mo
./usr/share/locale/es/LC_MESSAGES/plpgsql-19.mo
./usr/share/locale/es/LC_MESSAGES/postgres-19.mo
./usr/share/locale/fr/
./usr/share/locale/fr/LC_MESSAGES/
./usr/share/locale/fr/LC_MESSAGES/initdb-19.mo
./usr/share/locale/fr/LC_MESSAGES/pg_archivecleanup-19.mo
./usr/share/locale/fr/LC_MESSAGES/pg_checksums-19.mo
./usr/share/locale/fr/LC_MESSAGES/pg_controldata-19.mo
./usr/share/locale/fr/LC_MESSAGES/pg_ctl-19.mo
./usr/share/locale/fr/LC_MESSAGES/pg_resetwal-19.mo
./usr/share/locale/fr/LC_MESSAGES/pg_rewind-19.mo
./usr/share/locale/fr/LC_MESSAGES/pg_test_fsync-19.mo
./usr/share/locale/fr/LC_MESSAGES/pg_test_timing-19.mo
./usr/share/locale/fr/LC_MESSAGES/pg_upgrade-19.mo
./usr/share/locale/fr/LC_MESSAGES/pg_waldump-19.mo
./usr/share/locale/fr/LC_MESSAGES/pg_walsummary-19.mo
./usr/share/locale/fr/LC_MESSAGES/plpgsql-19.mo
./usr/share/locale/fr/LC_MESSAGES/postgres-19.mo
./usr/share/locale/he/
./usr/share/locale/he/LC_MESSAGES/
./usr/share/locale/he/LC_MESSAGES/initdb-19.mo
./usr/share/locale/he/LC_MESSAGES/pg_ctl-19.mo
./usr/share/locale/id/
./usr/share/locale/id/LC_MESSAGES/
./usr/share/locale/id/LC_MESSAGES/postgres-19.mo
./usr/share/locale/it/
./usr/share/locale/it/LC_MESSAGES/
./usr/share/locale/it/LC_MESSAGES/initdb-19.mo
./usr/share/locale/it/LC_MESSAGES/pg_archivecleanup-19.mo
./usr/share/locale/it/LC_MESSAGES/pg_checksums-19.mo
./usr/share/locale/it/LC_MESSAGES/pg_controldata-19.mo
./usr/share/locale/it/LC_MESSAGES/pg_ctl-19.mo
./usr/share/locale/it/LC_MESSAGES/pg_resetwal-19.mo
./usr/share/locale/it/LC_MESSAGES/pg_rewind-19.mo
./usr/share/locale/it/LC_MESSAGES/pg_test_fsync-19.mo
./usr/share/locale/it/LC_MESSAGES/pg_test_timing-19.mo
./usr/share/locale/it/LC_MESSAGES/pg_waldump-19.mo
./usr/share/locale/it/LC_MESSAGES/plpgsql-19.mo
./usr/share/locale/it/LC_MESSAGES/postgres-19.mo
./usr/share/locale/ja/
./usr/share/locale/ja/LC_MESSAGES/
./usr/share/locale/ja/LC_MESSAGES/initdb-19.mo
./usr/share/locale/ja/LC_MESSAGES/pg_archivecleanup-19.mo
./usr/share/locale/ja/LC_MESSAGES/pg_checksums-19.mo
./usr/share/locale/ja/LC_MESSAGES/pg_controldata-19.mo
./usr/share/locale/ja/LC_MESSAGES/pg_ctl-19.mo
./usr/share/locale/ja/LC_MESSAGES/pg_resetwal-19.mo
./usr/share/locale/ja/LC_MESSAGES/pg_rewind-19.mo
./usr/share/locale/ja/LC_MESSAGES/pg_test_fsync-19.mo
./usr/share/locale/ja/LC_MESSAGES/pg_test_timing-19.mo
./usr/share/locale/ja/LC_MESSAGES/pg_upgrade-19.mo
./usr/share/locale/ja/LC_MESSAGES/pg_waldump-19.mo
./usr/share/locale/ja/LC_MESSAGES/pg_walsummary-19.mo
./usr/share/locale/ja/LC_MESSAGES/plpgsql-19.mo
./usr/share/locale/ja/LC_MESSAGES/postgres-19.mo
./usr/share/locale/ka/
./usr/share/locale/ka/LC_MESSAGES/
./usr/share/locale/ka/LC_MESSAGES/initdb-19.mo
./usr/share/locale/ka/LC_MESSAGES/pg_archivecleanup-19.mo
./usr/share/locale/ka/LC_MESSAGES/pg_checksums-19.mo
./usr/share/locale/ka/LC_MESSAGES/pg_controldata-19.mo
./usr/share/locale/ka/LC_MESSAGES/pg_ctl-19.mo
./usr/share/locale/ka/LC_MESSAGES/pg_resetwal-19.mo
./usr/share/locale/ka/LC_MESSAGES/pg_rewind-19.mo
./usr/share/locale/ka/LC_MESSAGES/pg_test_fsync-19.mo
./usr/share/locale/ka/LC_MESSAGES/pg_test_timing-19.mo
./usr/share/locale/ka/LC_MESSAGES/pg_upgrade-19.mo
./usr/share/locale/ka/LC_MESSAGES/pg_waldump-19.mo
./usr/share/locale/ka/LC_MESSAGES/pg_walsummary-19.mo
./usr/share/locale/ka/LC_MESSAGES/plpgsql-19.mo
./usr/share/locale/ka/LC_MESSAGES/postgres-19.mo
./usr/share/locale/ko/
./usr/share/locale/ko/LC_MESSAGES/
./usr/share/locale/ko/LC_MESSAGES/initdb-19.mo
./usr/share/locale/ko/LC_MESSAGES/pg_archivecleanup-19.mo
./usr/share/locale/ko/LC_MESSAGES/pg_checksums-19.mo
./usr/share/locale/ko/LC_MESSAGES/pg_controldata-19.mo
./usr/share/locale/ko/LC_MESSAGES/pg_ctl-19.mo
./usr/share/locale/ko/LC_MESSAGES/pg_resetwal-19.mo
./usr/share/locale/ko/LC_MESSAGES/pg_rewind-19.mo
./usr/share/locale/ko/LC_MESSAGES/pg_test_fsync-19.mo
./usr/share/locale/ko/LC_MESSAGES/pg_test_timing-19.mo
./usr/share/locale/ko/LC_MESSAGES/pg_upgrade-19.mo
./usr/share/locale/ko/LC_MESSAGES/pg_waldump-19.mo
./usr/share/locale/ko/LC_MESSAGES/pg_walsummary-19.mo
./usr/share/locale/ko/LC_MESSAGES/plpgsql-19.mo
./usr/share/locale/ko/LC_MESSAGES/postgres-19.mo
./usr/share/locale/pl/
./usr/share/locale/pl/LC_MESSAGES/
./usr/share/locale/pl/LC_MESSAGES/initdb-19.mo
./usr/share/locale/pl/LC_MESSAGES/pg_archivecleanup-19.mo
./usr/share/locale/pl/LC_MESSAGES/pg_controldata-19.mo
./usr/share/locale/pl/LC_MESSAGES/pg_ctl-19.mo
./usr/share/locale/pl/LC_MESSAGES/pg_resetwal-19.mo
./usr/share/locale/pl/LC_MESSAGES/pg_rewind-19.mo
./usr/share/locale/pl/LC_MESSAGES/pg_test_fsync-19.mo
./usr/share/locale/pl/LC_MESSAGES/pg_test_timing-19.mo
./usr/share/locale/pl/LC_MESSAGES/plpgsql-19.mo
./usr/share/locale/pl/LC_MESSAGES/postgres-19.mo
./usr/share/locale/pt_BR/
./usr/share/locale/pt_BR/LC_MESSAGES/
./usr/share/locale/pt_BR/LC_MESSAGES/initdb-19.mo
./usr/share/locale/pt_BR/LC_MESSAGES/pg_archivecleanup-19.mo
./usr/share/locale/pt_BR/LC_MESSAGES/pg_checksums-19.mo
./usr/share/locale/pt_BR/LC_MESSAGES/pg_controldata-19.mo
./usr/share/locale/pt_BR/LC_MESSAGES/pg_ctl-19.mo
./usr/share/locale/pt_BR/LC_MESSAGES/pg_resetwal-19.mo
./usr/share/locale/pt_BR/LC_MESSAGES/pg_rewind-19.mo
./usr/share/locale/pt_BR/LC_MESSAGES/pg_test_fsync-19.mo
./usr/share/locale/pt_BR/LC_MESSAGES/pg_test_timing-19.mo
./usr/share/locale/pt_BR/LC_MESSAGES/plpgsql-19.mo
./usr/share/locale/pt_BR/LC_MESSAGES/postgres-19.mo
./usr/share/locale/ro/
./usr/share/locale/ro/LC_MESSAGES/
./usr/share/locale/ro/LC_MESSAGES/plpgsql-19.mo
./usr/share/locale/ru/
./usr/share/locale/ru/LC_MESSAGES/
./usr/share/locale/ru/LC_MESSAGES/initdb-19.mo
./usr/share/locale/ru/LC_MESSAGES/pg_archivecleanup-19.mo
./usr/share/locale/ru/LC_MESSAGES/pg_checksums-19.mo
./usr/share/locale/ru/LC_MESSAGES/pg_controldata-19.mo
./usr/share/locale/ru/LC_MESSAGES/pg_ctl-19.mo
./usr/share/locale/ru/LC_MESSAGES/pg_resetwal-19.mo
./usr/share/locale/ru/LC_MESSAGES/pg_rewind-19.mo
./usr/share/locale/ru/LC_MESSAGES/pg_test_fsync-19.mo
./usr/share/locale/ru/LC_MESSAGES/pg_test_timing-19.mo
./usr/share/locale/ru/LC_MESSAGES/pg_upgrade-19.mo
./usr/share/locale/ru/LC_MESSAGES/pg_waldump-19.mo
./usr/share/locale/ru/LC_MESSAGES/pg_walsummary-19.mo
./usr/share/locale/ru/LC_MESSAGES/plpgsql-19.mo
./usr/share/locale/ru/LC_MESSAGES/postgres-19.mo
./usr/share/locale/sv/
./usr/share/locale/sv/LC_MESSAGES/
./usr/share/locale/sv/LC_MESSAGES/initdb-19.mo
./usr/share/locale/sv/LC_MESSAGES/pg_archivecleanup-19.mo
./usr/share/locale/sv/LC_MESSAGES/pg_checksums-19.mo
./usr/share/locale/sv/LC_MESSAGES/pg_controldata-19.mo
./usr/share/locale/sv/LC_MESSAGES/pg_ctl-19.mo
./usr/share/locale/sv/LC_MESSAGES/pg_resetwal-19.mo
./usr/share/locale/sv/LC_MESSAGES/pg_rewind-19.mo
./usr/share/locale/sv/LC_MESSAGES/pg_test_fsync-19.mo
./usr/share/locale/sv/LC_MESSAGES/pg_test_timing-19.mo
./usr/share/locale/sv/LC_MESSAGES/pg_upgrade-19.mo
./usr/share/locale/sv/LC_MESSAGES/pg_waldump-19.mo
./usr/share/locale/sv/LC_MESSAGES/pg_walsummary-19.mo
./usr/share/locale/sv/LC_MESSAGES/plpgsql-19.mo
./usr/share/locale/sv/LC_MESSAGES/postgres-19.mo
./usr/share/locale/tr/
./usr/share/locale/tr/LC_MESSAGES/
./usr/share/locale/tr/LC_MESSAGES/initdb-19.mo
./usr/share/locale/tr/LC_MESSAGES/pg_archivecleanup-19.mo
./usr/share/locale/tr/LC_MESSAGES/pg_checksums-19.mo
./usr/share/locale/tr/LC_MESSAGES/pg_controldata-19.mo
./usr/share/locale/tr/LC_MESSAGES/pg_ctl-19.mo
./usr/share/locale/tr/LC_MESSAGES/pg_resetwal-19.mo
./usr/share/locale/tr/LC_MESSAGES/pg_rewind-19.mo
./usr/share/locale/tr/LC_MESSAGES/pg_test_fsync-19.mo
./usr/share/locale/tr/LC_MESSAGES/pg_test_timing-19.mo
./usr/share/locale/tr/LC_MESSAGES/pg_upgrade-19.mo
./usr/share/locale/tr/LC_MESSAGES/pg_waldump-19.mo
./usr/share/locale/tr/LC_MESSAGES/plpgsql-19.mo
./usr/share/locale/tr/LC_MESSAGES/postgres-19.mo
./usr/share/locale/uk/
./usr/share/locale/uk/LC_MESSAGES/
./usr/share/locale/uk/LC_MESSAGES/initdb-19.mo
./usr/share/locale/uk/LC_MESSAGES/pg_archivecleanup-19.mo
./usr/share/locale/uk/LC_MESSAGES/pg_checksums-19.mo
./usr/share/locale/uk/LC_MESSAGES/pg_controldata-19.mo
./usr/share/locale/uk/LC_MESSAGES/pg_ctl-19.mo
./usr/share/locale/uk/LC_MESSAGES/pg_resetwal-19.mo
./usr/share/locale/uk/LC_MESSAGES/pg_rewind-19.mo
./usr/share/locale/uk/LC_MESSAGES/pg_test_fsync-19.mo
./usr/share/locale/uk/LC_MESSAGES/pg_test_timing-19.mo
./usr/share/locale/uk/LC_MESSAGES/pg_upgrade-19.mo
./usr/share/locale/uk/LC_MESSAGES/pg_waldump-19.mo
./usr/share/locale/uk/LC_MESSAGES/pg_walsummary-19.mo
./usr/share/locale/uk/LC_MESSAGES/plpgsql-19.mo
./usr/share/locale/uk/LC_MESSAGES/postgres-19.mo
./usr/share/locale/vi/
./usr/share/locale/vi/LC_MESSAGES/
./usr/share/locale/vi/LC_MESSAGES/initdb-19.mo
./usr/share/locale/vi/LC_MESSAGES/pg_archivecleanup-19.mo
./usr/share/locale/vi/LC_MESSAGES/pg_controldata-19.mo
./usr/share/locale/vi/LC_MESSAGES/pg_test_fsync-19.mo
./usr/share/locale/vi/LC_MESSAGES/pg_test_timing-19.mo
./usr/share/locale/vi/LC_MESSAGES/pg_waldump-19.mo
./usr/share/locale/vi/LC_MESSAGES/plpgsql-19.mo
./usr/share/locale/zh_CN/
./usr/share/locale/zh_CN/LC_MESSAGES/
./usr/share/locale/zh_CN/LC_MESSAGES/initdb-19.mo
./usr/share/locale/zh_CN/LC_MESSAGES/pg_archivecleanup-19.mo
./usr/share/locale/zh_CN/LC_MESSAGES/pg_checksums-19.mo
./usr/share/locale/zh_CN/LC_MESSAGES/pg_controldata-19.mo
./usr/share/locale/zh_CN/LC_MESSAGES/pg_ctl-19.mo
./usr/share/locale/zh_CN/LC_MESSAGES/pg_resetwal-19.mo
./usr/share/locale/zh_CN/LC_MESSAGES/pg_rewind-19.mo
./usr/share/locale/zh_CN/LC_MESSAGES/pg_test_fsync-19.mo
./usr/share/locale/zh_CN/LC_MESSAGES/pg_test_timing-19.mo
./usr/share/locale/zh_CN/LC_MESSAGES/pg_upgrade-19.mo
./usr/share/locale/zh_CN/LC_MESSAGES/pg_waldump-19.mo
./usr/share/locale/zh_CN/LC_MESSAGES/plpgsql-19.mo
./usr/share/locale/zh_CN/LC_MESSAGES/postgres-19.mo
./usr/share/locale/zh_TW/
./usr/share/locale/zh_TW/LC_MESSAGES/
./usr/share/locale/zh_TW/LC_MESSAGES/initdb-19.mo
./usr/share/locale/zh_TW/LC_MESSAGES/pg_checksums-19.mo
./usr/share/locale/zh_TW/LC_MESSAGES/pg_controldata-19.mo
./usr/share/locale/zh_TW/LC_MESSAGES/pg_ctl-19.mo
./usr/share/locale/zh_TW/LC_MESSAGES/pg_rewind-19.mo
./usr/share/locale/zh_TW/LC_MESSAGES/pg_test_fsync-19.mo
./usr/share/locale/zh_TW/LC_MESSAGES/pg_test_timing-19.mo
./usr/share/locale/zh_TW/LC_MESSAGES/pg_waldump-19.mo
./usr/share/locale/zh_TW/LC_MESSAGES/plpgsql-19.mo
./usr/share/postgresql/
./usr/share/postgresql/19/
./usr/share/postgresql/19/catalog_version
./usr/share/postgresql/19/contrib/
./usr/share/postgresql/19/contrib/sepgsql.sql
./usr/share/postgresql/19/errcodes.txt
./usr/share/postgresql/19/extension/
./usr/share/postgresql/19/extension/amcheck--1.0--1.1.sql
./usr/share/postgresql/19/extension/amcheck--1.0.sql
./usr/share/postgresql/19/extension/amcheck--1.1--1.2.sql
./usr/share/postgresql/19/extension/amcheck--1.2--1.3.sql
./usr/share/postgresql/19/extension/amcheck--1.3--1.4.sql
./usr/share/postgresql/19/extension/amcheck--1.4--1.5.sql
./usr/share/postgresql/19/extension/amcheck.control
./usr/share/postgresql/19/extension/autoinc--1.0.sql
./usr/share/postgresql/19/extension/autoinc.control
./usr/share/postgresql/19/extension/bloom--1.0.sql
./usr/share/postgresql/19/extension/bloom.control
./usr/share/postgresql/19/extension/btree_gin--1.0--1.1.sql
./usr/share/postgresql/19/extension/btree_gin--1.0.sql
./usr/share/postgresql/19/extension/btree_gin--1.1--1.2.sql
./usr/share/postgresql/19/extension/btree_gin--1.2--1.3.sql
./usr/share/postgresql/19/extension/btree_gin--1.3--1.4.sql
./usr/share/postgresql/19/extension/btree_gin.control
./usr/share/postgresql/19/extension/btree_gist--1.0--1.1.sql
./usr/share/postgresql/19/extension/btree_gist--1.1--1.2.sql
./usr/share/postgresql/19/extension/btree_gist--1.2--1.3.sql
./usr/share/postgresql/19/extension/btree_gist--1.3--1.4.sql
./usr/share/postgresql/19/extension/btree_gist--1.4--1.5.sql
./usr/share/postgresql/19/extension/btree_gist--1.5--1.6.sql
./usr/share/postgresql/19/extension/btree_gist--1.6--1.7.sql
./usr/share/postgresql/19/extension/btree_gist--1.7--1.8.sql
./usr/share/postgresql/19/extension/btree_gist--1.8--1.9.sql
./usr/share/postgresql/19/extension/btree_gist--1.9.sql
./usr/share/postgresql/19/extension/btree_gist.control
./usr/share/postgresql/19/extension/citext--1.0--1.1.sql
./usr/share/postgresql/19/extension/citext--1.1--1.2.sql
./usr/share/postgresql/19/extension/citext--1.2--1.3.sql
./usr/share/postgresql/19/extension/citext--1.3--1.4.sql
./usr/share/postgresql/19/extension/citext--1.4--1.5.sql
./usr/share/postgresql/19/extension/citext--1.4.sql
./usr/share/postgresql/19/extension/citext--1.5--1.6.sql
./usr/share/postgresql/19/extension/citext--1.6--1.7.sql
./usr/share/postgresql/19/extension/citext--1.7--1.8.sql
./usr/share/postgresql/19/extension/citext.control
./usr/share/postgresql/19/extension/cube--1.0--1.1.sql
./usr/share/postgresql/19/extension/cube--1.1--1.2.sql
./usr/share/postgresql/19/extension/cube--1.2--1.3.sql
./usr/share/postgresql/19/extension/cube--1.2.sql
./usr/share/postgresql/19/extension/cube--1.3--1.4.sql
./usr/share/postgresql/19/extension/cube--1.4--1.5.sql
./usr/share/postgresql/19/extension/cube.control
./usr/share/postgresql/19/extension/dblink--1.0--1.1.sql
./usr/share/postgresql/19/extension/dblink--1.1--1.2.sql
./usr/share/postgresql/19/extension/dblink--1.2.sql
./usr/share/postgresql/19/extension/dblink.control
./usr/share/postgresql/19/extension/dict_int--1.0.sql
./usr/share/postgresql/19/extension/dict_int.control
./usr/share/postgresql/19/extension/dict_xsyn--1.0.sql
./usr/share/postgresql/19/extension/dict_xsyn.control
./usr/share/postgresql/19/extension/earthdistance--1.0--1.1.sql
./usr/share/postgresql/19/extension/earthdistance--1.1--1.2.sql
./usr/share/postgresql/19/extension/earthdistance--1.1.sql
./usr/share/postgresql/19/extension/earthdistance.control
./usr/share/postgresql/19/extension/file_fdw--1.0.sql
./usr/share/postgresql/19/extension/file_fdw.control
./usr/share/postgresql/19/extension/fuzzystrmatch--1.0--1.1.sql
./usr/share/postgresql/19/extension/fuzzystrmatch--1.1--1.2.sql
./usr/share/postgresql/19/extension/fuzzystrmatch--1.1.sql
./usr/share/postgresql/19/extension/fuzzystrmatch.control
./usr/share/postgresql/19/extension/hstore--1.1--1.2.sql
./usr/share/postgresql/19/extension/hstore--1.2--1.3.sql
./usr/share/postgresql/19/extension/hstore--1.3--1.4.sql
./usr/share/postgresql/19/extension/hstore--1.4--1.5.sql
./usr/share/postgresql/19/extension/hstore--1.4.sql
./usr/share/postgresql/19/extension/hstore--1.5--1.6.sql
./usr/share/postgresql/19/extension/hstore--1.6--1.7.sql
./usr/share/postgresql/19/extension/hstore--1.7--1.8.sql
./usr/share/postgresql/19/extension/hstore.control
./usr/share/postgresql/19/extension/insert_username--1.0.sql
./usr/share/postgresql/19/extension/insert_username.control
./usr/share/postgresql/19/extension/intagg--1.0--1.1.sql
./usr/share/postgresql/19/extension/intagg--1.1.sql
./usr/share/postgresql/19/extension/intagg.control
./usr/share/postgresql/19/extension/intarray--1.0--1.1.sql
./usr/share/postgresql/19/extension/intarray--1.1--1.2.sql
./usr/share/postgresql/19/extension/intarray--1.2--1.3.sql
./usr/share/postgresql/19/extension/intarray--1.2.sql
./usr/share/postgresql/19/extension/intarray--1.3--1.4.sql
./usr/share/postgresql/19/extension/intarray--1.4--1.5.sql
./usr/share/postgresql/19/extension/intarray.control
./usr/share/postgresql/19/extension/isn--1.0--1.1.sql
./usr/share/postgresql/19/extension/isn--1.1--1.2.sql
./usr/share/postgresql/19/extension/isn--1.1.sql
./usr/share/postgresql/19/extension/isn--1.2--1.3.sql
./usr/share/postgresql/19/extension/isn.control
./usr/share/postgresql/19/extension/lo--1.0--1.1.sql
./usr/share/postgresql/19/extension/lo--1.1--1.2.sql
./usr/share/postgresql/19/extension/lo--1.1.sql
./usr/share/postgresql/19/extension/lo.control
./usr/share/postgresql/19/extension/ltree--1.0--1.1.sql
./usr/share/postgresql/19/extension/ltree--1.1--1.2.sql
./usr/share/postgresql/19/extension/ltree--1.1.sql
./usr/share/postgresql/19/extension/ltree--1.2--1.3.sql
./usr/share/postgresql/19/extension/ltree.control
./usr/share/postgresql/19/extension/moddatetime--1.0.sql
./usr/share/postgresql/19/extension/moddatetime.control
./usr/share/postgresql/19/extension/pageinspect--1.0--1.1.sql
./usr/share/postgresql/19/extension/pageinspect--1.1--1.2.sql
./usr/share/postgresql/19/extension/pageinspect--1.10--1.11.sql
./usr/share/postgresql/19/extension/pageinspect--1.11--1.12.sql
./usr/share/postgresql/19/extension/pageinspect--1.12--1.13.sql
./usr/share/postgresql/19/extension/pageinspect--1.2--1.3.sql
./usr/share/postgresql/19/extension/pageinspect--1.3--1.4.sql
./usr/share/postgresql/19/extension/pageinspect--1.4--1.5.sql
./usr/share/postgresql/19/extension/pageinspect--1.5--1.6.sql
./usr/share/postgresql/19/extension/pageinspect--1.5.sql
./usr/share/postgresql/19/extension/pageinspect--1.6--1.7.sql
./usr/share/postgresql/19/extension/pageinspect--1.7--1.8.sql
./usr/share/postgresql/19/extension/pageinspect--1.8--1.9.sql
./usr/share/postgresql/19/extension/pageinspect--1.9--1.10.sql
./usr/share/postgresql/19/extension/pageinspect.control
./usr/share/postgresql/19/extension/pg_buffercache--1.0--1.1.sql
./usr/share/postgresql/19/extension/pg_buffercache--1.1--1.2.sql
./usr/share/postgresql/19/extension/pg_buffercache--1.2--1.3.sql
./usr/share/postgresql/19/extension/pg_buffercache--1.2.sql
./usr/share/postgresql/19/extension/pg_buffercache--1.3--1.4.sql
./usr/share/postgresql/19/extension/pg_buffercache--1.4--1.5.sql
./usr/share/postgresql/19/extension/pg_buffercache--1.5--1.6.sql
./usr/share/postgresql/19/extension/pg_buffercache--1.6--1.7.sql
./usr/share/postgresql/19/extension/pg_buffercache.control
./usr/share/postgresql/19/extension/pg_freespacemap--1.0--1.1.sql
./usr/share/postgresql/19/extension/pg_freespacemap--1.1--1.2.sql
./usr/share/postgresql/19/extension/pg_freespacemap--1.1.sql
./usr/share/postgresql/19/extension/pg_freespacemap--1.2--1.3.sql
./usr/share/postgresql/19/extension/pg_freespacemap.control
./usr/share/postgresql/19/extension/pg_logicalinspect--1.0.sql
./usr/share/postgresql/19/extension/pg_logicalinspect.control
./usr/share/postgresql/19/extension/pg_prewarm--1.0--1.1.sql
./usr/share/postgresql/19/extension/pg_prewarm--1.1--1.2.sql
./usr/share/postgresql/19/extension/pg_prewarm--1.1.sql
./usr/share/postgresql/19/extension/pg_prewarm.control
./usr/share/postgresql/19/extension/pg_stash_advice--1.0.sql
./usr/share/postgresql/19/extension/pg_stash_advice.control
./usr/share/postgresql/19/extension/pg_stat_statements--1.0--1.1.sql
./usr/share/postgresql/19/extension/pg_stat_statements--1.1--1.2.sql
./usr/share/postgresql/19/extension/pg_stat_statements--1.10--1.11.sql
./usr/share/postgresql/19/extension/pg_stat_statements--1.11--1.12.sql
./usr/share/postgresql/19/extension/pg_stat_statements--1.12--1.13.sql
./usr/share/postgresql/19/extension/pg_stat_statements--1.2--1.3.sql
./usr/share/postgresql/19/extension/pg_stat_statements--1.3--1.4.sql
./usr/share/postgresql/19/extension/pg_stat_statements--1.4--1.5.sql
./usr/share/postgresql/19/extension/pg_stat_statements--1.4.sql
./usr/share/postgresql/19/extension/pg_stat_statements--1.5--1.6.sql
./usr/share/postgresql/19/extension/pg_stat_statements--1.6--1.7.sql
./usr/share/postgresql/19/extension/pg_stat_statements--1.7--1.8.sql
./usr/share/postgresql/19/extension/pg_stat_statements--1.8--1.9.sql
./usr/share/postgresql/19/extension/pg_stat_statements--1.9--1.10.sql
./usr/share/postgresql/19/extension/pg_stat_statements.control
./usr/share/postgresql/19/extension/pg_surgery--1.0.sql
./usr/share/postgresql/19/extension/pg_surgery.control
./usr/share/postgresql/19/extension/pg_trgm--1.0--1.1.sql
./usr/share/postgresql/19/extension/pg_trgm--1.1--1.2.sql
./usr/share/postgresql/19/extension/pg_trgm--1.2--1.3.sql
./usr/share/postgresql/19/extension/pg_trgm--1.3--1.4.sql
./usr/share/postgresql/19/extension/pg_trgm--1.3.sql
./usr/share/postgresql/19/extension/pg_trgm--1.4--1.5.sql
./usr/share/postgresql/19/extension/pg_trgm--1.5--1.6.sql
./usr/share/postgresql/19/extension/pg_trgm.control
./usr/share/postgresql/19/extension/pg_visibility--1.0--1.1.sql
./usr/share/postgresql/19/extension/pg_visibility--1.1--1.2.sql
./usr/share/postgresql/19/extension/pg_visibility--1.1.sql
./usr/share/postgresql/19/extension/pg_visibility.control
./usr/share/postgresql/19/extension/pg_walinspect--1.0--1.1.sql
./usr/share/postgresql/19/extension/pg_walinspect--1.0.sql
./usr/share/postgresql/19/extension/pg_walinspect.control
./usr/share/postgresql/19/extension/pgcrypto--1.0--1.1.sql
./usr/share/postgresql/19/extension/pgcrypto--1.1--1.2.sql
./usr/share/postgresql/19/extension/pgcrypto--1.2--1.3.sql
./usr/share/postgresql/19/extension/pgcrypto--1.3--1.4.sql
./usr/share/postgresql/19/extension/pgcrypto--1.3.sql
./usr/share/postgresql/19/extension/pgcrypto.control
./usr/share/postgresql/19/extension/pgrowlocks--1.0--1.1.sql
./usr/share/postgresql/19/extension/pgrowlocks--1.1--1.2.sql
./usr/share/postgresql/19/extension/pgrowlocks--1.2.sql
./usr/share/postgresql/19/extension/pgrowlocks.control
./usr/share/postgresql/19/extension/pgstattuple--1.0--1.1.sql
./usr/share/postgresql/19/extension/pgstattuple--1.1--1.2.sql
./usr/share/postgresql/19/extension/pgstattuple--1.2--1.3.sql
./usr/share/postgresql/19/extension/pgstattuple--1.3--1.4.sql
./usr/share/postgresql/19/extension/pgstattuple--1.4--1.5.sql
./usr/share/postgresql/19/extension/pgstattuple--1.4.sql
./usr/share/postgresql/19/extension/pgstattuple.control
./usr/share/postgresql/19/extension/plpgsql--1.0.sql
./usr/share/postgresql/19/extension/plpgsql.control
./usr/share/postgresql/19/extension/postgres_fdw--1.0--1.1.sql
./usr/share/postgresql/19/extension/postgres_fdw--1.0.sql
./usr/share/postgresql/19/extension/postgres_fdw--1.1--1.2.sql
./usr/share/postgresql/19/extension/postgres_fdw--1.2--1.3.sql
./usr/share/postgresql/19/extension/postgres_fdw.control
./usr/share/postgresql/19/extension/refint--1.0.sql
./usr/share/postgresql/19/extension/refint.control
./usr/share/postgresql/19/extension/seg--1.0--1.1.sql
./usr/share/postgresql/19/extension/seg--1.1--1.2.sql
./usr/share/postgresql/19/extension/seg--1.1.sql
./usr/share/postgresql/19/extension/seg--1.2--1.3.sql
./usr/share/postgresql/19/extension/seg--1.3--1.4.sql
./usr/share/postgresql/19/extension/seg.control
./usr/share/postgresql/19/extension/sslinfo--1.0--1.1.sql
./usr/share/postgresql/19/extension/sslinfo--1.1--1.2.sql
./usr/share/postgresql/19/extension/sslinfo--1.2.sql
./usr/share/postgresql/19/extension/sslinfo.control
./usr/share/postgresql/19/extension/tablefunc--1.0.sql
./usr/share/postgresql/19/extension/tablefunc.control
./usr/share/postgresql/19/extension/tcn--1.0.sql
./usr/share/postgresql/19/extension/tcn.control
./usr/share/postgresql/19/extension/tsm_system_rows--1.0.sql
./usr/share/postgresql/19/extension/tsm_system_rows.control
./usr/share/postgresql/19/extension/tsm_system_time--1.0.sql
./usr/share/postgresql/19/extension/tsm_system_time.control
./usr/share/postgresql/19/extension/unaccent--1.0--1.1.sql
./usr/share/postgresql/19/extension/unaccent--1.1.sql
./usr/share/postgresql/19/extension/unaccent.control
./usr/share/postgresql/19/extension/uuid-ossp--1.0--1.1.sql
./usr/share/postgresql/19/extension/uuid-ossp--1.1.sql
./usr/share/postgresql/19/extension/uuid-ossp.control
./usr/share/postgresql/19/extension/xml2--1.0--1.1.sql
./usr/share/postgresql/19/extension/xml2--1.1--1.2.sql
./usr/share/postgresql/19/extension/xml2--1.1.sql
./usr/share/postgresql/19/extension/xml2.control
./usr/share/postgresql/19/information_schema.sql
./usr/share/postgresql/19/man/
./usr/share/postgresql/19/man/man1/
./usr/share/postgresql/19/man/man1/initdb.1.gz
./usr/share/postgresql/19/man/man1/oid2name.1.gz
./usr/share/postgresql/19/man/man1/pg_archivecleanup.1.gz
./usr/share/postgresql/19/man/man1/pg_checksums.1.gz
./usr/share/postgresql/19/man/man1/pg_controldata.1.gz
./usr/share/postgresql/19/man/man1/pg_createsubscriber.1.gz
./usr/share/postgresql/19/man/man1/pg_ctl.1.gz
./usr/share/postgresql/19/man/man1/pg_resetwal.1.gz
./usr/share/postgresql/19/man/man1/pg_rewind.1.gz
./usr/share/postgresql/19/man/man1/pg_test_fsync.1.gz
./usr/share/postgresql/19/man/man1/pg_test_timing.1.gz
./usr/share/postgresql/19/man/man1/pg_upgrade.1.gz
./usr/share/postgresql/19/man/man1/pg_waldump.1.gz
./usr/share/postgresql/19/man/man1/pg_walsummary.1.gz
./usr/share/postgresql/19/man/man1/pgbench.1.gz
./usr/share/postgresql/19/man/man1/postgres.1.gz
./usr/share/postgresql/19/man/man1/vacuumlo.1.gz
./usr/share/postgresql/19/pg_hba.conf.sample
./usr/share/postgresql/19/pg_hosts.conf.sample
./usr/share/postgresql/19/pg_ident.conf.sample
./usr/share/postgresql/19/pg_service.conf.sample
./usr/share/postgresql/19/postgres.bki
./usr/share/postgresql/19/postgresql.conf.sample
./usr/share/postgresql/19/snowball_create.sql
./usr/share/postgresql/19/sql_features.txt
./usr/share/postgresql/19/system_constraints.sql
./usr/share/postgresql/19/system_functions.sql
./usr/share/postgresql/19/system_views.sql
./usr/share/postgresql/19/timezonesets/
./usr/share/postgresql/19/timezonesets/Africa.txt
./usr/share/postgresql/19/timezonesets/America.txt
./usr/share/postgresql/19/timezonesets/Antarctica.txt
./usr/share/postgresql/19/timezonesets/Asia.txt
./usr/share/postgresql/19/timezonesets/Atlantic.txt
./usr/share/postgresql/19/timezonesets/Australia
./usr/share/postgresql/19/timezonesets/Australia.txt
./usr/share/postgresql/19/timezonesets/Default
./usr/share/postgresql/19/timezonesets/Etc.txt
./usr/share/postgresql/19/timezonesets/Europe.txt
./usr/share/postgresql/19/timezonesets/India
./usr/share/postgresql/19/timezonesets/Indian.txt
./usr/share/postgresql/19/timezonesets/Pacific.txt
./usr/share/postgresql/19/tsearch_data/
./usr/share/postgresql/19/tsearch_data/danish.stop
./usr/share/postgresql/19/tsearch_data/dutch.stop
./usr/share/postgresql/19/tsearch_data/english.stop
./usr/share/postgresql/19/tsearch_data/finnish.stop
./usr/share/postgresql/19/tsearch_data/french.stop
./usr/share/postgresql/19/tsearch_data/german.stop
./usr/share/postgresql/19/tsearch_data/hungarian.stop
./usr/share/postgresql/19/tsearch_data/hunspell_sample.affix
./usr/share/postgresql/19/tsearch_data/hunspell_sample_long.affix
./usr/share/postgresql/19/tsearch_data/hunspell_sample_long.dict
./usr/share/postgresql/19/tsearch_data/hunspell_sample_num.affix
./usr/share/postgresql/19/tsearch_data/hunspell_sample_num.dict
./usr/share/postgresql/19/tsearch_data/ispell_sample.affix
./usr/share/postgresql/19/tsearch_data/ispell_sample.dict
./usr/share/postgresql/19/tsearch_data/italian.stop
./usr/share/postgresql/19/tsearch_data/nepali.stop
./usr/share/postgresql/19/tsearch_data/norwegian.stop
./usr/share/postgresql/19/tsearch_data/portuguese.stop
./usr/share/postgresql/19/tsearch_data/russian.stop
./usr/share/postgresql/19/tsearch_data/spanish.stop
./usr/share/postgresql/19/tsearch_data/swedish.stop
./usr/share/postgresql/19/tsearch_data/synonym_sample.syn
./usr/share/postgresql/19/tsearch_data/thesaurus_sample.ths
./usr/share/postgresql/19/tsearch_data/turkish.stop
./usr/share/postgresql/19/tsearch_data/unaccent.rules
./usr/share/postgresql/19/tsearch_data/xsyn_sample.rules
./usr/share/doc/postgresql-19/README.Debian.gz
laborant@ubuntu-01:~$ 
laborant@ubuntu-01:~$ ls
control.tar.xz  data.tar.xz  debian-binary  postgresql-19_19~beta3-1.pgdg+1_amd64.deb
laborant@ubuntu-01:~$ tar tf control.tar.xz 
./
./control
./md5sums
./postinst
./postrm
./preinst
./prerm
./templates
laborant@ubuntu-01:~$ 
laborant@ubuntu-01:~$ dpkg --help
Usage: dpkg [<option>...] <command>

Commands:
  -i|--install       <.deb file name>... | -R|--recursive <directory>...
  --unpack           <.deb file name>... | -R|--recursive <directory>...
  -A|--record-avail  <.deb file name>... | -R|--recursive <directory>...
  --configure        <package>... | -a|--pending
  --triggers-only    <package>... | -a|--pending
  -r|--remove        <package>... | -a|--pending
  -P|--purge         <package>... | -a|--pending
  -V|--verify [<package>...]       Verify the integrity of package(s).
  --get-selections [<pattern>...]  Get list of selections to stdout.
  --set-selections                 Set package selections from stdin.
  --clear-selections               Deselect every non-essential package.
  --update-avail [<Packages-file>] Replace available packages info.
  --merge-avail [<Packages-file>]  Merge with info from file.
  --clear-avail                    Erase existing available info.
  -s|--status [<package>...]       Display package status details.
  -p|--print-avail [<package>...]  Display available version details.
  -L|--listfiles <package>...      List files 'owned' by package(s).
  -l|--list [<pattern>...]         List packages concisely.
  -S|--search <pattern>...         Find package(s) owning file(s).
  -C|--audit [<package>...]        Check for broken package(s).
  --yet-to-unpack                  Print packages selected for installation.
  --predep-package                 Print pre-dependencies to unpack.
  --add-architecture <arch>        Add <arch> to the list of architectures.
  --remove-architecture <arch>     Remove <arch> from the list of architectures.
  --print-architecture             Print dpkg architecture.
  --print-foreign-architectures    Print allowed foreign architectures.
  --assert-help                    Show help on assertions.
  --assert-<feature>               Assert support for the specified feature.
  --validate-<thing> <string>      Validate a <thing>'s <string>.
  --compare-versions <a> <op> <b>  Compare version numbers - see below.
  --force-help                     Show help on forcing.
  -Dh|--debug=help                 Show help on debugging.

  -?, --help                       Show this help message.
      --version                    Show the version.

Validatable things: pkgname, archname, trigname, version.

Use dpkg with -b, --build, -c, --contents, -e, --control, -I, --info,
  -f, --field, -x, --extract, -X, --vextract, --ctrl-tarfile, --fsys-tarfile
on archives (type dpkg-deb --help).

Options:
  --admindir=<directory>     Use <directory> instead of /var/lib/dpkg.
  --root=<directory>         Install on a different root directory.
  --instdir=<directory>      Change installation dir without changing admin dir.
  --pre-invoke=<command>     Set a pre-invoke hook.
  --post-invoke=<command>    Set a post-invoke hook.
  --path-exclude=<pattern>   Do not install paths which match a shell pattern.
  --path-include=<pattern>   Re-include a pattern after a previous exclusion.
  -O|--selected-only         Skip packages not selected for install/upgrade.
  -E|--skip-same-version     Skip packages with same installed version/arch.
  -G|--refuse-downgrade      Skip packages with earlier version than installed.
  -B|--auto-deconfigure      Install even if it would break some other package.
  --[no-]triggers            Skip or force consequential trigger processing.
  --verify-format=<format>   Verify output format (supported: 'rpm').
  --no-pager                 Disables the use of any pager.
  --no-debsig                Do not try to verify package signatures.
  --no-act|--dry-run|--simulate
                             Just say what we would do - do not do it.
  -D|--debug=<octal>         Enable debugging (see -Dhelp or --debug=help).
  --status-fd <n>            Send status change updates to file descriptor <n>.
  --status-logger=<command>  Send status change updates to <command>'s stdin.
  --log=<filename>           Log status changes and actions to <filename>.
  --ignore-depends=<package>[,...]
                             Ignore dependencies involving <package>.
  --force-<thing>[,...]      Override problems (see --force-help).
  --no-force-<thing>[,...]   Stop when problems encountered.
  --refuse-<thing>[,...]     Ditto.
  --abort-after <n>          Abort after encountering <n> errors.
  --robot                    Use machine-readable output on some commands.

Comparison operators for --compare-versions are:
  lt le eq ne ge gt       (treat empty version as earlier than any version);
  lt-nl le-nl ge-nl gt-nl (treat empty version as later than any version);
  < << <= = >= >> >       (only for compatibility with control file syntax).

Use 'apt' or 'aptitude' for user-friendly package management.
laborant@ubuntu-01:~$ dpkg -i postgresql-19_19~beta3-1.pgdg+1_amd64.deb 
dpkg: error: requested operation requires superuser privilege
laborant@ubuntu-01:~$ sudo dpkg -i postgresql-19_19~beta3-1.pgdg+1_amd64.deb 
Selecting previously unselected package postgresql-19.
(Reading database ... 39928 files and directories currently installed.)
Preparing to unpack postgresql-19_19~beta3-1.pgdg+1_amd64.deb ...
Unpacking postgresql-19 (19~beta3-1.pgdg+1) ...
dpkg: dependency problems prevent configuration of postgresql-19:
 postgresql-19 depends on postgresql-client-19 (= 19~beta3-1.pgdg+1); however:
  Package postgresql-client-19 is not installed.
 postgresql-19 depends on libicu78 (>= 78.1-1~); however:
  Package libicu78 is not installed.
 postgresql-19 depends on libnuma1 (>= 2.0.11); however:
  Package libnuma1 is not installed.
 postgresql-19 depends on libpq5 (>= 17~~); however:
  Package libpq5 is not installed.
 postgresql-19 depends on liburing2 (>= 2.5); however:
  Package liburing2 is not installed.
 postgresql-19 depends on libxslt1.1 (>= 1.1.25); however:
  Package libxslt1.1 is not installed.

dpkg: error processing package postgresql-19 (--install):
 dependency problems - leaving unconfigured
Processing triggers for postgresql-common (290ubuntu1) ...
debconf: unable to initialize frontend: Dialog
debconf: (No usable dialog-like program is installed, so the dialog based frontend cannot be used. at /usr/share/perl5/Debconf/FrontEnd/Dialog.pm line 79.)
debconf: falling back to frontend: Readline
Building PostgreSQL dictionaries from installed myspell/hunspell packages...
Removing obsolete dictionary files:
Errors were encountered while processing:
 postgresql-19
laborant@ubuntu-01:~$ 
laborant@ubuntu-01:~$ ls
control.tar.xz  data.tar.xz  debian-binary  postgresql-19_19~beta3-1.pgdg+1_amd64.deb
laborant@ubuntu-01:~$ rm -rfv control.tar.xz data.tar.xz debian-binary postgresql-19_19~beta3-1.pgdg+1_amd64.deb 
removed 'control.tar.xz'
removed 'data.tar.xz'
removed 'debian-binary'
removed 'postgresql-19_19~beta3-1.pgdg+1_amd64.deb'
laborant@ubuntu-01:~$ 
laborant@ubuntu-01:~$ wget https://ftp.postgresql.org/pub/repos/apt/pool/19/p/postgresql-19/postgresql-19_19~beta3-1.pgdg26.04%2B1_amd64.deb
--2026-08-14 00:52:02--  https://ftp.postgresql.org/pub/repos/apt/pool/19/p/postgresql-19/postgresql-19_19~beta3-1.pgdg26.04%2B1_amd64.deb
Resolving ftp.postgresql.org (ftp.postgresql.org)... 151.101.211.52, 2a04:4e42:31::820
Connecting to ftp.postgresql.org (ftp.postgresql.org)|151.101.211.52|:443... connected.
HTTP request sent, awaiting response... 200 OK
Length: 8033300 (7.7M) [application/vnd.debian.binary-package]
Saving to: ‘postgresql-19_19~beta3-1.pgdg26.04+1_amd64.deb’

postgresql-19_19~beta3-1.pgdg26.04+1_a 100%[==========================================================================>]   7.66M  3.92MB/s    in 2.0s    

2026-08-14 00:52:04 (3.92 MB/s) - ‘postgresql-19_19~beta3-1.pgdg26.04+1_amd64.deb’ saved [8033300/8033300]

laborant@ubuntu-01:~$ sudo dpkg
dpkg                     dpkg-divert              dpkg-preconfigure        dpkg-realpath            dpkg-split               dpkg-trigger
dpkg-deb                 dpkg-maintscript-helper  dpkg-query               dpkg-reconfigure         dpkg-statoverride        
laborant@ubuntu-01:~$ sudo dpkg -i postgresql-19_19~beta3-1.pgdg26.04+1_amd64.deb 
dpkg: warning: downgrading postgresql-19 (19~beta3-1.pgdg+1) to (19~beta3-1.pgdg26.04+1)
(Reading database ... 40569 files and directories currently installed.)
Preparing to unpack postgresql-19_19~beta3-1.pgdg26.04+1_amd64.deb ...
Unpacking postgresql-19 (19~beta3-1.pgdg26.04+1) over (19~beta3-1.pgdg+1) ...
dpkg: dependency problems prevent configuration of postgresql-19:
 postgresql-19 depends on postgresql-client-19 (= 19~beta3-1.pgdg26.04+1); however:
  Package postgresql-client-19 is not installed.
 postgresql-19 depends on libicu78 (>= 78.1-1~); however:
  Package libicu78 is not installed.
 postgresql-19 depends on libnuma1 (>= 2.0.11); however:
  Package libnuma1 is not installed.
 postgresql-19 depends on libpq5 (>= 17~~); however:
  Package libpq5 is not installed.
 postgresql-19 depends on liburing2 (>= 2.5); however:
  Package liburing2 is not installed.
 postgresql-19 depends on libxslt1.1 (>= 1.1.25); however:
  Package libxslt1.1 is not installed.

dpkg: error processing package postgresql-19 (--install):
 dependency problems - leaving unconfigured
Processing triggers for postgresql-common (290ubuntu1) ...
debconf: unable to initialize frontend: Dialog
debconf: (No usable dialog-like program is installed, so the dialog based frontend cannot be used. at /usr/share/perl5/Debconf/FrontEnd/Dialog.pm line 79.)
debconf: falling back to frontend: Readline
Building PostgreSQL dictionaries from installed myspell/hunspell packages...
Removing obsolete dictionary files:
Errors were encountered while processing:
 postgresql-19
laborant@ubuntu-01:~$ 
laborant@ubuntu-01:~$ ls /etc/apt/sources.list.d/
pgdg.sources  ubuntu.sources
laborant@ubuntu-01:~$ ls /etc/apt/sources.list.d/pgdg.sources 
/etc/apt/sources.list.d/pgdg.sources
laborant@ubuntu-01:~$ cat /etc/apt/sources.list.d/pgdg.sources 
Types: deb
URIs: https://apt.postgresql.org/pub/repos/apt/pool
Suites: resolute-pgdg
Components: main
Architectures: amd64
Signed-By: /usr/share/postgresql-common/pgdg/apt.postgresql.org.gpg
laborant@ubuntu-01:~$ apt update
Error: Could not open lock file /var/lib/apt/lists/lock - open (13: Permission denied)
Error: Unable to lock directory /var/lib/apt/lists/
laborant@ubuntu-01:~$ sudo apt update
Ign:1 https://apt.postgresql.org/pub/repos/apt/pool resolute-pgdg InRelease
Err:2 https://apt.postgresql.org/pub/repos/apt/pool resolute-pgdg Release
  404  Not Found [IP: 151.101.211.52 443]
Hit:3 http://archive.ubuntu.com/ubuntu resolute InRelease
Hit:4 http://security.ubuntu.com/ubuntu resolute-security InRelease
Hit:5 http://archive.ubuntu.com/ubuntu resolute-updates InRelease
Hit:6 http://archive.ubuntu.com/ubuntu resolute-backports InRelease
Error: The repository 'https://apt.postgresql.org/pub/repos/apt/pool resolute-pgdg Release' does not have a Release file.
Notice: Updating from such a repository can't be done securely, and is therefore disabled by default.
Notice: See apt-secure(8) manpage for repository creation and user configuration details.
laborant@ubuntu-01:~$ vi /etc/apt/sources.list.d/pgdg.sources 
laborant@ubuntu-01:~$ sudo vi /etc/apt/sources.list.d/pgdg.sources 
laborant@ubuntu-01:~$ sudo apt update
Hit:1 https://apt.postgresql.org/pub/repos/apt resolute-pgdg InRelease
Hit:2 http://security.ubuntu.com/ubuntu resolute-security InRelease                                        
Hit:3 http://archive.ubuntu.com/ubuntu resolute InRelease                                                  
Hit:4 http://archive.ubuntu.com/ubuntu resolute-updates InRelease
Hit:5 http://archive.ubuntu.com/ubuntu resolute-backports InRelease
13 packages can be upgraded. Run 'apt list --upgradable' to see them.
laborant@ubuntu-01:~$ sudo apt search postgresql-19
postgresql-19/now 19~beta3-1.pgdg26.04+1 amd64 [installed,local]
  The World's Most Advanced Open Source Relational Database

postgresql-19-address-standardizer/resolute-pgdg 3.7.0-1.pgdg26.04+1 amd64
  Postgres extension to parse a US street address string

postgresql-19-address-standardizer-dbgsym/resolute-pgdg 3.7.0-1.pgdg26.04+1 amd64
  debug symbols for postgresql-19-address-standardizer

postgresql-19-asn1oid/resolute-pgdg 1.6-3.pgdg26.04+1 amd64
  ASN.1 OID data type for PostgreSQL

postgresql-19-asn1oid-dbgsym/resolute-pgdg 1.6-3.pgdg26.04+1 amd64
  debug symbols for postgresql-19-asn1oid

postgresql-19-bgw-replstatus/resolute-pgdg 1.0.8-2.pgdg26.04+1 amd64
  report whether PostgreSQL node is master or standby

postgresql-19-bgw-replstatus-dbgsym/resolute-pgdg 1.0.8-2.pgdg26.04+1 amd64
  debug symbols for postgresql-19-bgw-replstatus

postgresql-19-credcheck/resolute-pgdg 5.0-2.pgdg26.04+1 amd64
  PostgreSQL username/password checks

postgresql-19-credcheck-dbgsym/resolute-pgdg 5.0-2.pgdg26.04+1 amd64
  debug symbols for postgresql-19-credcheck

postgresql-19-cron/resolute-pgdg 1.6.7-3.pgdg26.04+1 amd64
  Run periodic jobs in PostgreSQL

postgresql-19-cron-dbgsym/resolute-pgdg 1.6.7-3.pgdg26.04+1 amd64
  debug symbols for postgresql-19-cron

postgresql-19-debversion/resolute-pgdg 1.2.0-3.pgdg26.04+1 amd64
  Debian version number type for PostgreSQL

postgresql-19-debversion-dbgsym/resolute-pgdg 1.2.0-3.pgdg26.04+1 amd64
  debug symbols for postgresql-19-debversion

postgresql-19-dirtyread/resolute-pgdg 2.8-1.pgdg26.04+1 amd64
  Read dead but unvacuumed tuples from a PostgreSQL relation

postgresql-19-dirtyread-dbgsym/resolute-pgdg 2.8-1.pgdg26.04+1 amd64
  debug symbols for postgresql-19-dirtyread

postgresql-19-extra-window-functions/resolute-pgdg 1.0-7.pgdg26.04+1 amd64
  Extra Window Functions for PostgreSQL

postgresql-19-extra-window-functions-dbgsym/resolute-pgdg 1.0-7.pgdg26.04+1 amd64
  debug symbols for postgresql-19-extra-window-functions

postgresql-19-hll/resolute-pgdg 2.21-1.pgdg26.04+1 amd64
  HyperLogLog extension for PostgreSQL

postgresql-19-hll-dbgsym/resolute-pgdg 2.21-1.pgdg26.04+1 amd64
  debug symbols for postgresql-19-hll

postgresql-19-http/resolute-pgdg 1.7.2-2.pgdg26.04+1 amd64
  HTTP client for PostgreSQL, retrieve a web page from inside the database

postgresql-19-http-dbgsym/resolute-pgdg 1.7.2-2.pgdg26.04+1 amd64
  debug symbols for postgresql-19-http

postgresql-19-hypopg/resolute-pgdg 1.4.3-1.pgdg26.04+1 amd64
  PostgreSQL extension adding support for hypothetical indexes.

postgresql-19-hypopg-dbgsym/resolute-pgdg 1.4.3-1.pgdg26.04+1 amd64
  debug symbols for postgresql-19-hypopg

postgresql-19-icu-ext/resolute-pgdg 1.11.0-1.pgdg26.04+1 amd64
  PostgreSQL extension exposing functionality from the ICU library

postgresql-19-icu-ext-dbgsym/resolute-pgdg 1.11.0-1.pgdg26.04+1 amd64
  debug symbols for postgresql-19-icu-ext

postgresql-19-ip4r/resolute-pgdg 2.4.3-1.pgdg26.04+1 amd64
  IPv4 and IPv6 types for PostgreSQL 19

postgresql-19-ip4r-dbgsym/resolute-pgdg 2.4.3-1.pgdg26.04+1 amd64
  debug symbols for postgresql-19-ip4r

postgresql-19-mimeo/resolute-pgdg 1.5.1-20.pgdg26.04+1 all
  specialized, per-table replication between PostgreSQL instances

postgresql-19-numeral/resolute-pgdg 1.3-9.pgdg26.04+1 amd64
  numeral datatypes for PostgreSQL

postgresql-19-numeral-dbgsym/resolute-pgdg 1.3-9.pgdg26.04+1 amd64
  debug symbols for postgresql-19-numeral

postgresql-19-ogr-fdw/resolute-pgdg 1.1.9-1.pgdg26.04+1 amd64
  PostgreSQL foreign data wrapper for OGR

postgresql-19-ogr-fdw-dbgsym/resolute-pgdg 1.1.9-1.pgdg26.04+1 amd64
  debug symbols for postgresql-19-ogr-fdw

postgresql-19-oracle-fdw/resolute-pgdg 2.9.0-1.pgdg26.04+1 amd64
  PostgreSQL Foreign Data Wrapper for Oracle

postgresql-19-oracle-fdw-dbgsym/resolute-pgdg 2.9.0-1.pgdg26.04+1 amd64
  debug symbols for postgresql-19-oracle-fdw

postgresql-19-orafce/resolute-pgdg 4.16.7-1.pgdg26.04+1 amd64
  Oracle support functions for PostgreSQL 19

postgresql-19-orafce-dbgsym/resolute-pgdg 4.16.7-1.pgdg26.04+1 amd64
  debug symbols for postgresql-19-orafce

postgresql-19-partman/resolute-pgdg 5.5.0-1.pgdg26.04+1 amd64
  PostgreSQL Partition Manager

postgresql-19-partman-dbgsym/resolute-pgdg 5.5.0-1.pgdg26.04+1 amd64
  debug symbols for postgresql-19-partman

postgresql-19-pg-background/resolute-pgdg 2.0.2-1.pgdg26.04+1 amd64
  Background SQL extension for PostgreSQL

postgresql-19-pg-background-dbgsym/resolute-pgdg 2.0.2-1.pgdg26.04+1 amd64
  debug symbols for postgresql-19-pg-background

postgresql-19-pg-catcheck/resolute-pgdg 1.6.0-2.pgdg26.04+1 amd64
  Postgres system catalog checker

postgresql-19-pg-catcheck-dbgsym/resolute-pgdg 1.6.0-2.pgdg26.04+1 amd64
  debug symbols for postgresql-19-pg-catcheck

postgresql-19-pg-crash/resolute-pgdg 0.3-2.pgdg26.04+1 amd64
  Periodically crash your PostgreSQL database

postgresql-19-pg-crash-dbgsym/resolute-pgdg 0.3-2.pgdg26.04+1 amd64
  debug symbols for postgresql-19-pg-crash

postgresql-19-pg-csv/resolute-pgdg 1.0.2-1.pgdg26.04+1 amd64
  Flexible CSV processing for Postgres

postgresql-19-pg-csv-dbgsym/resolute-pgdg 1.0.2-1.pgdg26.04+1 amd64
  debug symbols for postgresql-19-pg-csv

postgresql-19-pg-gvm/resolute-pgdg 22.6.17-1.pgdg26.04+1 amd64
  PostgreSQL extension for ical object manipulation

postgresql-19-pg-gvm-dbgsym/resolute-pgdg 22.6.17-1.pgdg26.04+1 amd64
  debug symbols for postgresql-19-pg-gvm

postgresql-19-pg-permissions/resolute-pgdg 1.4.1-1.pgdg26.04+1 all
  see all permissions in a PostgreSQL database

postgresql-19-pg-pwhash/resolute-pgdg 1.0-2.pgdg26.04+3 amd64
  Advanced password hashing methods for PostgreSQL

postgresql-19-pg-pwhash-dbgsym/resolute-pgdg 1.0-2.pgdg26.04+3 amd64
  debug symbols for postgresql-19-pg-pwhash

postgresql-19-pg-qualstats/resolute-pgdg 2.1.4-1.pgdg26.04+1 amd64
  PostgreSQL extension to gather statistics about predicates.

postgresql-19-pg-qualstats-dbgsym/resolute-pgdg 2.1.4-1.pgdg26.04+1 amd64
  debug symbols for postgresql-19-pg-qualstats

postgresql-19-pg-rewrite/resolute-pgdg 2.2-2.pgdg26.04+1 amd64
  Rewrite PostgreSQL tables with less locking

postgresql-19-pg-rewrite-dbgsym/resolute-pgdg 2.2-2.pgdg26.04+1 amd64
  debug symbols for postgresql-19-pg-rewrite

postgresql-19-pg-rrule/resolute-pgdg 0.3.0-1.pgdg26.04+1 amd64
  RRULE data type for PostgreSQL

postgresql-19-pg-rrule-dbgsym/resolute-pgdg 0.3.0-1.pgdg26.04+1 amd64
  debug symbols for postgresql-19-pg-rrule

postgresql-19-pg-stat-kcache/resolute-pgdg 2.3.2-1.pgdg26.04+1 amd64
  PostgreSQL extension to gather per-query kernel statistics.

postgresql-19-pg-stat-kcache-dbgsym/resolute-pgdg 2.3.2-1.pgdg26.04+1 amd64
  debug symbols for postgresql-19-pg-stat-kcache

postgresql-19-pg-stat-plans/resolute-pgdg 2.1.0-1.pgdg26.04+1 amd64
  Track per-plan call counts, execution times and EXPLAIN texts in PostgreSQL

postgresql-19-pg-stat-plans-dbgsym/resolute-pgdg 2.1.0-1.pgdg26.04+1 amd64
  debug symbols for postgresql-19-pg-stat-plans

postgresql-19-pg-track-settings/resolute-pgdg 2.1.2-5.pgdg26.04+1 all
  PostgreSQL extension tracking of configuration settings

postgresql-19-pg-uuidv7/resolute-pgdg 1.7.0-1.pgdg26.04+1 amd64
  Extension providing UUIDv7 data type

postgresql-19-pg-uuidv7-dbgsym/resolute-pgdg 1.7.0-1.pgdg26.04+1 amd64
  debug symbols for postgresql-19-pg-uuidv7

postgresql-19-pg-wait-sampling/resolute-pgdg 1.1.11-1.pgdg26.04+1 amd64
  Extension providing statistics about PostgreSQL wait events

postgresql-19-pg-wait-sampling-dbgsym/resolute-pgdg 1.1.11-1.pgdg26.04+1 amd64
  debug symbols for postgresql-19-pg-wait-sampling

postgresql-19-pgaudit/resolute-pgdg 19~beta3-1.pgdg26.04+1 amd64
  PostgreSQL Audit Extension

postgresql-19-pgaudit-dbgsym/resolute-pgdg 19~beta3-1.pgdg26.04+1 amd64
  debug symbols for postgresql-19-pgaudit

postgresql-19-pgauditlogtofile/resolute-pgdg 1.8.5-1.pgdg26.04+1 amd64
  PostgreSQL pgAudit Add-On to redirect audit logs

postgresql-19-pgauditlogtofile-dbgsym/resolute-pgdg 1.8.5-1.pgdg26.04+1 amd64
  debug symbols for postgresql-19-pgauditlogtofile

postgresql-19-pgextwlist/resolute-pgdg 1.20-1.pgdg26.04+1 amd64
  PostgreSQL Extension Whitelisting

postgresql-19-pgextwlist-dbgsym/resolute-pgdg 1.20-1.pgdg26.04+1 amd64
  debug symbols for postgresql-19-pgextwlist

postgresql-19-pgfincore/resolute-pgdg 1.4.0-1.pgdg26.04+1 amd64
  set of PostgreSQL functions to manage blocks in memory

postgresql-19-pgfincore-dbgsym/resolute-pgdg 1.4.0-1.pgdg26.04+1 amd64
  debug symbols for postgresql-19-pgfincore

postgresql-19-pglogical/resolute-pgdg 2.4.8-1.pgdg26.04+1 amd64
  Logical Replication Extension for PostgreSQL

postgresql-19-pglogical-dbgsym/resolute-pgdg 2.4.8-1.pgdg26.04+1 amd64
  debug symbols for postgresql-19-pglogical

postgresql-19-pgmemcache/resolute-pgdg 2.3.0-16.pgdg26.04+1 amd64
  PostgreSQL interface to memcached

postgresql-19-pgmemcache-dbgsym/resolute-pgdg 2.3.0-16.pgdg26.04+1 amd64
  debug symbols for postgresql-19-pgmemcache

postgresql-19-pgmp/resolute-pgdg 1.0.6-1.pgdg26.04+1 amd64
  arbitrary precision integers and rationals for PostgreSQL 19

postgresql-19-pgmp-dbgsym/resolute-pgdg 1.0.6-1.pgdg26.04+1 amd64
  debug symbols for postgresql-19-pgmp

postgresql-19-pgpcre/resolute-pgdg 0.20190509-9.pgdg26.04+1 amd64
  Perl Compatible Regular Expressions (PCRE) extension for PostgreSQL

postgresql-19-pgpcre-dbgsym/resolute-pgdg 0.20190509-9.pgdg26.04+1 amd64
  debug symbols for postgresql-19-pgpcre

postgresql-19-pgrouting/resolute-pgdg 4.0.1-1.pgdg26.04+1 amd64
  Routing functionality support for PostgreSQL/PostGIS

postgresql-19-pgrouting-dbgsym/resolute-pgdg 4.0.1-1.pgdg26.04+1 amd64
  debug symbols for postgresql-19-pgrouting

postgresql-19-pgrouting-scripts/resolute-pgdg 4.0.1-1.pgdg26.04+1 all
  Routing functionality support for PostgreSQL/PostGIS - SQL scripts

postgresql-19-pgsentinel/resolute-pgdg 1.4.2-1.pgdg26.04+1 amd64
  PostgreSQL extension pgsentinel

postgresql-19-pgsentinel-dbgsym/resolute-pgdg 1.4.2-1.pgdg26.04+1 amd64
  debug symbols for postgresql-19-pgsentinel

postgresql-19-pgtap/resolute-pgdg 1.3.4-1.pgdg26.04+1 all
  Unit testing framework extension for PostgreSQL 19

postgresql-19-pgtt/resolute-pgdg 4.6-1.pgdg26.04+1 amd64
  PostgreSQL Global Temporary Tables

postgresql-19-pgtt-dbgsym/resolute-pgdg 4.6-1.pgdg26.04+1 amd64
  debug symbols for postgresql-19-pgtt

postgresql-19-pgvector/resolute-pgdg 0.8.6-1.pgdg26.04+1 amd64
  Open-source vector similarity search for Postgres

postgresql-19-pgvector-dbgsym/resolute-pgdg 0.8.6-1.pgdg26.04+1 amd64
  debug symbols for postgresql-19-pgvector

postgresql-19-plpgsql-check/resolute-pgdg 2.10.4-1.pgdg26.04+1 amd64
  plpgsql_check extension for PostgreSQL

postgresql-19-plpgsql-check-dbgsym/resolute-pgdg 2.10.4-1.pgdg26.04+1 amd64
  debug symbols for postgresql-19-plpgsql-check

postgresql-19-plproxy/resolute-pgdg 2.12.0-1.pgdg26.04+1 amd64
  database partitioning system for PostgreSQL 19

postgresql-19-plproxy-dbgsym/resolute-pgdg 2.12.0-1.pgdg26.04+1 amd64
  debug symbols for postgresql-19-plproxy

postgresql-19-plr/resolute-pgdg 1:8.4.8.6-1.pgdg26.04+1 amd64
  Procedural language interface between PostgreSQL and R

postgresql-19-plr-dbgsym/resolute-pgdg 1:8.4.8.6-1.pgdg26.04+1 amd64
  debug symbols for postgresql-19-plr

postgresql-19-plsh/resolute-pgdg 1.20220917-4.pgdg26.04+1 amd64
  PL/sh procedural language for PostgreSQL 19

postgresql-19-plsh-dbgsym/resolute-pgdg 1.20220917-4.pgdg26.04+1 amd64
  debug symbols for postgresql-19-plsh

postgresql-19-postgis-3/resolute-pgdg 3.6.4+dfsg-2.pgdg26.04+1 amd64
  Geographic objects support for PostgreSQL 19

postgresql-19-postgis-3-dbgsym/resolute-pgdg 3.6.4+dfsg-2.pgdg26.04+1 amd64
  debug symbols for postgresql-19-postgis-3

postgresql-19-postgis-3-scripts/resolute-pgdg 3.6.4+dfsg-2.pgdg26.04+1 all
  Geographic objects support for PostgreSQL 19 -- SQL scripts

postgresql-19-powa/resolute-pgdg 5.2.0-1.pgdg26.04+1 amd64
  PostgreSQL Workload Analyzer -- PostgreSQL 19 extension

postgresql-19-powa-dbgsym/resolute-pgdg 5.2.0-1.pgdg26.04+1 amd64
  debug symbols for postgresql-19-powa

postgresql-19-prefix/resolute-pgdg 1.2.11-1.pgdg26.04+1 amd64
  Prefix Range module for PostgreSQL

postgresql-19-prefix-dbgsym/resolute-pgdg 1.2.11-1.pgdg26.04+1 amd64
  debug symbols for postgresql-19-prefix

postgresql-19-preprepare/resolute-pgdg 0.9-10.pgdg26.04+1 amd64
  pre prepare your PostgreSQL statements server side

postgresql-19-preprepare-dbgsym/resolute-pgdg 0.9-10.pgdg26.04+1 amd64
  debug symbols for postgresql-19-preprepare

postgresql-19-q3c/resolute-pgdg 2.0.5-1.pgdg26.04+1 amd64
  PostgreSQL 19 extension used for indexing the sky

postgresql-19-q3c-dbgsym/resolute-pgdg 2.0.5-1.pgdg26.04+1 amd64
  debug symbols for postgresql-19-q3c

postgresql-19-rational/resolute-pgdg 0.0.3-1.pgdg26.04+1 amd64
  Precise fractional arithmetic for PostgreSQL

postgresql-19-rational-dbgsym/resolute-pgdg 0.0.3-1.pgdg26.04+1 amd64
  debug symbols for postgresql-19-rational

postgresql-19-repack/resolute-pgdg 1.5.3-1.pgdg26.04+1 amd64
  reorganize tables in PostgreSQL databases with minimal locks

postgresql-19-repack-dbgsym/resolute-pgdg 1.5.3-1.pgdg26.04+1 amd64
  debug symbols for postgresql-19-repack

postgresql-19-roaringbitmap/resolute-pgdg 1.2.0-1.pgdg26.04+1 amd64
  RoaringBitmap extension for PostgreSQL

postgresql-19-roaringbitmap-dbgsym/resolute-pgdg 1.2.0-1.pgdg26.04+1 amd64
  debug symbols for postgresql-19-roaringbitmap

postgresql-19-semver/resolute-pgdg 0.41.0-1.pgdg26.04+1 amd64
  Semantic version number type for PostgreSQL

postgresql-19-semver-dbgsym/resolute-pgdg 0.41.0-1.pgdg26.04+1 amd64
  debug symbols for postgresql-19-semver

postgresql-19-set-user/resolute-pgdg 4.2.0-1.pgdg26.04+1 amd64
  PostgreSQL privilege escalation with enhanced logging and control

...skipping...
postgresql-19-stat-log-dbgsym/resolute-pgdg 0.1-2.pgdg26.04+1 amd64
  debug symbols for postgresql-19-stat-log

postgresql-19-statviz/resolute-pgdg 1.1-1.pgdg26.04+1 all
  PostgreSQL internal statistics analysis and visualization

postgresql-19-tablelog/resolute-pgdg 0.6.4-4.pgdg26.04+1 amd64
  log changes on tables and restore tables to point in time

postgresql-19-tablelog-dbgsym/resolute-pgdg 0.6.4-4.pgdg26.04+1 amd64
  debug symbols for postgresql-19-tablelog

postgresql-19-tdigest/resolute-pgdg 1.4.4-1.pgdg26.04+1 amd64
  t-digest algorithm for on-line accumulation of rank-based statistics

postgresql-19-tdigest-dbgsym/resolute-pgdg 1.4.4-1.pgdg26.04+1 amd64
  debug symbols for postgresql-19-tdigest

postgresql-19-timestamp9/resolute-pgdg 1.4.0-2.pgdg26.04+1 amd64
  Nanosecond precision timestamp type for PostgreSQL

postgresql-19-timestamp9-dbgsym/resolute-pgdg 1.4.0-2.pgdg26.04+1 amd64
  debug symbols for postgresql-19-timestamp9

postgresql-19-toastinfo/resolute-pgdg 1.7-1.pgdg26.04+1 amd64
  Show storage structure of varlena datatypes in PostgreSQL

postgresql-19-toastinfo-dbgsym/resolute-pgdg 1.7-1.pgdg26.04+1 amd64
  debug symbols for postgresql-19-toastinfo

postgresql-19-unit/resolute-pgdg 7.10-2.pgdg26.04+1 amd64
  SI Units for PostgreSQL

postgresql-19-unit-dbgsym/resolute-pgdg 7.10-2.pgdg26.04+1 amd64
  debug symbols for postgresql-19-unit

laborant@ubuntu-01:~$ sudo apt search postgresql-19
postgresql-19/now 19~beta3-1.pgdg26.04+1 amd64 [installed,local]
  The World's Most Advanced Open Source Relational Database

postgresql-19-address-standardizer/resolute-pgdg 3.7.0-1.pgdg26.04+1 amd64
  Postgres extension to parse a US street address string

postgresql-19-address-standardizer-dbgsym/resolute-pgdg 3.7.0-1.pgdg26.04+1 amd64
  debug symbols for postgresql-19-address-standardizer

postgresql-19-asn1oid/resolute-pgdg 1.6-3.pgdg26.04+1 amd64
  ASN.1 OID data type for PostgreSQL

postgresql-19-asn1oid-dbgsym/resolute-pgdg 1.6-3.pgdg26.04+1 amd64
  debug symbols for postgresql-19-asn1oid

postgresql-19-bgw-replstatus/resolute-pgdg 1.0.8-2.pgdg26.04+1 amd64
  report whether PostgreSQL node is master or standby

postgresql-19-bgw-replstatus-dbgsym/resolute-pgdg 1.0.8-2.pgdg26.04+1 amd64
  debug symbols for postgresql-19-bgw-replstatus

postgresql-19-credcheck/resolute-pgdg 5.0-2.pgdg26.04+1 amd64
  PostgreSQL username/password checks

postgresql-19-credcheck-dbgsym/resolute-pgdg 5.0-2.pgdg26.04+1 amd64
  debug symbols for postgresql-19-credcheck

postgresql-19-cron/resolute-pgdg 1.6.7-3.pgdg26.04+1 amd64
  Run periodic jobs in PostgreSQL

postgresql-19-cron-dbgsym/resolute-pgdg 1.6.7-3.pgdg26.04+1 amd64
  debug symbols for postgresql-19-cron

postgresql-19-debversion/resolute-pgdg 1.2.0-3.pgdg26.04+1 amd64
  Debian version number type for PostgreSQL

postgresql-19-debversion-dbgsym/resolute-pgdg 1.2.0-3.pgdg26.04+1 amd64
  debug symbols for postgresql-19-debversion

postgresql-19-dirtyread/resolute-pgdg 2.8-1.pgdg26.04+1 amd64
  Read dead but unvacuumed tuples from a PostgreSQL relation

postgresql-19-dirtyread-dbgsym/resolute-pgdg 2.8-1.pgdg26.04+1 amd64
  debug symbols for postgresql-19-dirtyread

postgresql-19-extra-window-functions/resolute-pgdg 1.0-7.pgdg26.04+1 amd64
  Extra Window Functions for PostgreSQL

postgresql-19-extra-window-functions-dbgsym/resolute-pgdg 1.0-7.pgdg26.04+1 amd64
  debug symbols for postgresql-19-extra-window-functions

postgresql-19-hll/resolute-pgdg 2.21-1.pgdg26.04+1 amd64
  HyperLogLog extension for PostgreSQL

postgresql-19-hll-dbgsym/resolute-pgdg 2.21-1.pgdg26.04+1 amd64
  debug symbols for postgresql-19-hll

postgresql-19-http/resolute-pgdg 1.7.2-2.pgdg26.04+1 amd64
  HTTP client for PostgreSQL, retrieve a web page from inside the database

postgresql-19-http-dbgsym/resolute-pgdg 1.7.2-2.pgdg26.04+1 amd64
  debug symbols for postgresql-19-http

postgresql-19-hypopg/resolute-pgdg 1.4.3-1.pgdg26.04+1 amd64
  PostgreSQL extension adding support for hypothetical indexes.

postgresql-19-hypopg-dbgsym/resolute-pgdg 1.4.3-1.pgdg26.04+1 amd64
  debug symbols for postgresql-19-hypopg

postgresql-19-icu-ext/resolute-pgdg 1.11.0-1.pgdg26.04+1 amd64
  PostgreSQL extension exposing functionality from the ICU library

postgresql-19-icu-ext-dbgsym/resolute-pgdg 1.11.0-1.pgdg26.04+1 amd64
  debug symbols for postgresql-19-icu-ext

postgresql-19-ip4r/resolute-pgdg 2.4.3-1.pgdg26.04+1 amd64
  IPv4 and IPv6 types for PostgreSQL 19

postgresql-19-ip4r-dbgsym/resolute-pgdg 2.4.3-1.pgdg26.04+1 amd64
  debug symbols for postgresql-19-ip4r

postgresql-19-mimeo/resolute-pgdg 1.5.1-20.pgdg26.04+1 all
  specialized, per-table replication between PostgreSQL instances

postgresql-19-numeral/resolute-pgdg 1.3-9.pgdg26.04+1 amd64
  numeral datatypes for PostgreSQL

postgresql-19-numeral-dbgsym/resolute-pgdg 1.3-9.pgdg26.04+1 amd64
  debug symbols for postgresql-19-numeral

postgresql-19-ogr-fdw/resolute-pgdg 1.1.9-1.pgdg26.04+1 amd64
  PostgreSQL foreign data wrapper for OGR

postgresql-19-ogr-fdw-dbgsym/resolute-pgdg 1.1.9-1.pgdg26.04+1 amd64
  debug symbols for postgresql-19-ogr-fdw

postgresql-19-oracle-fdw/resolute-pgdg 2.9.0-1.pgdg26.04+1 amd64
  PostgreSQL Foreign Data Wrapper for Oracle

postgresql-19-oracle-fdw-dbgsym/resolute-pgdg 2.9.0-1.pgdg26.04+1 amd64
  debug symbols for postgresql-19-oracle-fdw

postgresql-19-orafce/resolute-pgdg 4.16.7-1.pgdg26.04+1 amd64
  Oracle support functions for PostgreSQL 19

postgresql-19-orafce-dbgsym/resolute-pgdg 4.16.7-1.pgdg26.04+1 amd64
  debug symbols for postgresql-19-orafce

postgresql-19-partman/resolute-pgdg 5.5.0-1.pgdg26.04+1 amd64
  PostgreSQL Partition Manager

postgresql-19-partman-dbgsym/resolute-pgdg 5.5.0-1.pgdg26.04+1 amd64
  debug symbols for postgresql-19-partman

postgresql-19-pg-background/resolute-pgdg 2.0.2-1.pgdg26.04+1 amd64
  Background SQL extension for PostgreSQL

postgresql-19-pg-background-dbgsym/resolute-pgdg 2.0.2-1.pgdg26.04+1 amd64
  debug symbols for postgresql-19-pg-background

postgresql-19-pg-catcheck/resolute-pgdg 1.6.0-2.pgdg26.04+1 amd64
  Postgres system catalog checker

postgresql-19-pg-catcheck-dbgsym/resolute-pgdg 1.6.0-2.pgdg26.04+1 amd64
  debug symbols for postgresql-19-pg-catcheck

postgresql-19-pg-crash/resolute-pgdg 0.3-2.pgdg26.04+1 amd64
  Periodically crash your PostgreSQL database

postgresql-19-pg-crash-dbgsym/resolute-pgdg 0.3-2.pgdg26.04+1 amd64
  debug symbols for postgresql-19-pg-crash

postgresql-19-pg-csv/resolute-pgdg 1.0.2-1.pgdg26.04+1 amd64
  Flexible CSV processing for Postgres

postgresql-19-pg-csv-dbgsym/resolute-pgdg 1.0.2-1.pgdg26.04+1 amd64
  debug symbols for postgresql-19-pg-csv

postgresql-19-pg-gvm/resolute-pgdg 22.6.17-1.pgdg26.04+1 amd64
  PostgreSQL extension for ical object manipulation

postgresql-19-pg-gvm-dbgsym/resolute-pgdg 22.6.17-1.pgdg26.04+1 amd64
  debug symbols for postgresql-19-pg-gvm

postgresql-19-pg-permissions/resolute-pgdg 1.4.1-1.pgdg26.04+1 all
  see all permissions in a PostgreSQL database

postgresql-19-pg-pwhash/resolute-pgdg 1.0-2.pgdg26.04+3 amd64
  Advanced password hashing methods for PostgreSQL

postgresql-19-pg-pwhash-dbgsym/resolute-pgdg 1.0-2.pgdg26.04+3 amd64
  debug symbols for postgresql-19-pg-pwhash

postgresql-19-pg-qualstats/resolute-pgdg 2.1.4-1.pgdg26.04+1 amd64
  PostgreSQL extension to gather statistics about predicates.

postgresql-19-pg-qualstats-dbgsym/resolute-pgdg 2.1.4-1.pgdg26.04+1 amd64
  debug symbols for postgresql-19-pg-qualstats

postgresql-19-pg-rewrite/resolute-pgdg 2.2-2.pgdg26.04+1 amd64
  Rewrite PostgreSQL tables with less locking

postgresql-19-pg-rewrite-dbgsym/resolute-pgdg 2.2-2.pgdg26.04+1 amd64
  debug symbols for postgresql-19-pg-rewrite

postgresql-19-pg-rrule/resolute-pgdg 0.3.0-1.pgdg26.04+1 amd64
  RRULE data type for PostgreSQL

postgresql-19-pg-rrule-dbgsym/resolute-pgdg 0.3.0-1.pgdg26.04+1 amd64
  debug symbols for postgresql-19-pg-rrule

postgresql-19-pg-stat-kcache/resolute-pgdg 2.3.2-1.pgdg26.04+1 amd64
  PostgreSQL extension to gather per-query kernel statistics.

postgresql-19-pg-stat-kcache-dbgsym/resolute-pgdg 2.3.2-1.pgdg26.04+1 amd64
  debug symbols for postgresql-19-pg-stat-kcache

postgresql-19-pg-stat-plans/resolute-pgdg 2.1.0-1.pgdg26.04+1 amd64
  Track per-plan call counts, execution times and EXPLAIN texts in PostgreSQL

postgresql-19-pg-stat-plans-dbgsym/resolute-pgdg 2.1.0-1.pgdg26.04+1 amd64
  debug symbols for postgresql-19-pg-stat-plans

postgresql-19-pg-track-settings/resolute-pgdg 2.1.2-5.pgdg26.04+1 all
  PostgreSQL extension tracking of configuration settings

postgresql-19-pg-uuidv7/resolute-pgdg 1.7.0-1.pgdg26.04+1 amd64
  Extension providing UUIDv7 data type

postgresql-19-pg-uuidv7-dbgsym/resolute-pgdg 1.7.0-1.pgdg26.04+1 amd64
  debug symbols for postgresql-19-pg-uuidv7

postgresql-19-pg-wait-sampling/resolute-pgdg 1.1.11-1.pgdg26.04+1 amd64
  Extension providing statistics about PostgreSQL wait events

postgresql-19-pg-wait-sampling-dbgsym/resolute-pgdg 1.1.11-1.pgdg26.04+1 amd64
  debug symbols for postgresql-19-pg-wait-sampling

postgresql-19-pgaudit/resolute-pgdg 19~beta3-1.pgdg26.04+1 amd64
  PostgreSQL Audit Extension

postgresql-19-pgaudit-dbgsym/resolute-pgdg 19~beta3-1.pgdg26.04+1 amd64
  debug symbols for postgresql-19-pgaudit

postgresql-19-pgauditlogtofile/resolute-pgdg 1.8.5-1.pgdg26.04+1 amd64
  PostgreSQL pgAudit Add-On to redirect audit logs

postgresql-19-pgauditlogtofile-dbgsym/resolute-pgdg 1.8.5-1.pgdg26.04+1 amd64
  debug symbols for postgresql-19-pgauditlogtofile

postgresql-19-pgextwlist/resolute-pgdg 1.20-1.pgdg26.04+1 amd64
  PostgreSQL Extension Whitelisting

postgresql-19-pgextwlist-dbgsym/resolute-pgdg 1.20-1.pgdg26.04+1 amd64
  debug symbols for postgresql-19-pgextwlist

postgresql-19-pgfincore/resolute-pgdg 1.4.0-1.pgdg26.04+1 amd64
  set of PostgreSQL functions to manage blocks in memory

postgresql-19-pgfincore-dbgsym/resolute-pgdg 1.4.0-1.pgdg26.04+1 amd64
  debug symbols for postgresql-19-pgfincore

postgresql-19-pglogical/resolute-pgdg 2.4.8-1.pgdg26.04+1 amd64
  Logical Replication Extension for PostgreSQL

postgresql-19-pglogical-dbgsym/resolute-pgdg 2.4.8-1.pgdg26.04+1 amd64
  debug symbols for postgresql-19-pglogical

postgresql-19-pgmemcache/resolute-pgdg 2.3.0-16.pgdg26.04+1 amd64
  PostgreSQL interface to memcached

postgresql-19-pgmemcache-dbgsym/resolute-pgdg 2.3.0-16.pgdg26.04+1 amd64
  debug symbols for postgresql-19-pgmemcache

postgresql-19-pgmp/resolute-pgdg 1.0.6-1.pgdg26.04+1 amd64
  arbitrary precision integers and rationals for PostgreSQL 19

postgresql-19-pgmp-dbgsym/resolute-pgdg 1.0.6-1.pgdg26.04+1 amd64
  debug symbols for postgresql-19-pgmp

postgresql-19-pgpcre/resolute-pgdg 0.20190509-9.pgdg26.04+1 amd64
  Perl Compatible Regular Expressions (PCRE) extension for PostgreSQL

postgresql-19-pgpcre-dbgsym/resolute-pgdg 0.20190509-9.pgdg26.04+1 amd64
  debug symbols for postgresql-19-pgpcre

postgresql-19-pgrouting/resolute-pgdg 4.0.1-1.pgdg26.04+1 amd64
  Routing functionality support for PostgreSQL/PostGIS

postgresql-19-pgrouting-dbgsym/resolute-pgdg 4.0.1-1.pgdg26.04+1 amd64
  debug symbols for postgresql-19-pgrouting

postgresql-19-pgrouting-scripts/resolute-pgdg 4.0.1-1.pgdg26.04+1 all
  Routing functionality support for PostgreSQL/PostGIS - SQL scripts

postgresql-19-pgsentinel/resolute-pgdg 1.4.2-1.pgdg26.04+1 amd64
  PostgreSQL extension pgsentinel

postgresql-19-pgsentinel-dbgsym/resolute-pgdg 1.4.2-1.pgdg26.04+1 amd64
  debug symbols for postgresql-19-pgsentinel

postgresql-19-pgtap/resolute-pgdg 1.3.4-1.pgdg26.04+1 all
  Unit testing framework extension for PostgreSQL 19

postgresql-19-pgtt/resolute-pgdg 4.6-1.pgdg26.04+1 amd64
  PostgreSQL Global Temporary Tables

postgresql-19-pgtt-dbgsym/resolute-pgdg 4.6-1.pgdg26.04+1 amd64
  debug symbols for postgresql-19-pgtt

postgresql-19-pgvector/resolute-pgdg 0.8.6-1.pgdg26.04+1 amd64
  Open-source vector similarity search for Postgres

postgresql-19-pgvector-dbgsym/resolute-pgdg 0.8.6-1.pgdg26.04+1 amd64
  debug symbols for postgresql-19-pgvector

postgresql-19-plpgsql-check/resolute-pgdg 2.10.4-1.pgdg26.04+1 amd64
  plpgsql_check extension for PostgreSQL

postgresql-19-plpgsql-check-dbgsym/resolute-pgdg 2.10.4-1.pgdg26.04+1 amd64
  debug symbols for postgresql-19-plpgsql-check

postgresql-19-plproxy/resolute-pgdg 2.12.0-1.pgdg26.04+1 amd64
  database partitioning system for PostgreSQL 19

postgresql-19-plproxy-dbgsym/resolute-pgdg 2.12.0-1.pgdg26.04+1 amd64
  debug symbols for postgresql-19-plproxy

postgresql-19-plr/resolute-pgdg 1:8.4.8.6-1.pgdg26.04+1 amd64
  Procedural language interface between PostgreSQL and R

postgresql-19-plr-dbgsym/resolute-pgdg 1:8.4.8.6-1.pgdg26.04+1 amd64
  debug symbols for postgresql-19-plr

postgresql-19-plsh/resolute-pgdg 1.20220917-4.pgdg26.04+1 amd64
  PL/sh procedural language for PostgreSQL 19

postgresql-19-plsh-dbgsym/resolute-pgdg 1.20220917-4.pgdg26.04+1 amd64
  debug symbols for postgresql-19-plsh

postgresql-19-postgis-3/resolute-pgdg 3.6.4+dfsg-2.pgdg26.04+1 amd64
  Geographic objects support for PostgreSQL 19

postgresql-19-postgis-3-dbgsym/resolute-pgdg 3.6.4+dfsg-2.pgdg26.04+1 amd64
  debug symbols for postgresql-19-postgis-3

postgresql-19-postgis-3-scripts/resolute-pgdg 3.6.4+dfsg-2.pgdg26.04+1 all
  Geographic objects support for PostgreSQL 19 -- SQL scripts

postgresql-19-powa/resolute-pgdg 5.2.0-1.pgdg26.04+1 amd64
  PostgreSQL Workload Analyzer -- PostgreSQL 19 extension

postgresql-19-powa-dbgsym/resolute-pgdg 5.2.0-1.pgdg26.04+1 amd64
  debug symbols for postgresql-19-powa

postgresql-19-prefix/resolute-pgdg 1.2.11-1.pgdg26.04+1 amd64
  Prefix Range module for PostgreSQL

postgresql-19-prefix-dbgsym/resolute-pgdg 1.2.11-1.pgdg26.04+1 amd64
  debug symbols for postgresql-19-prefix

postgresql-19-preprepare/resolute-pgdg 0.9-10.pgdg26.04+1 amd64
  pre prepare your PostgreSQL statements server side

postgresql-19-preprepare-dbgsym/resolute-pgdg 0.9-10.pgdg26.04+1 amd64
  debug symbols for postgresql-19-preprepare

postgresql-19-q3c/resolute-pgdg 2.0.5-1.pgdg26.04+1 amd64
  PostgreSQL 19 extension used for indexing the sky

postgresql-19-q3c-dbgsym/resolute-pgdg 2.0.5-1.pgdg26.04+1 amd64
  debug symbols for postgresql-19-q3c

postgresql-19-rational/resolute-pgdg 0.0.3-1.pgdg26.04+1 amd64
  Precise fractional arithmetic for PostgreSQL

postgresql-19-rational-dbgsym/resolute-pgdg 0.0.3-1.pgdg26.04+1 amd64
  debug symbols for postgresql-19-rational

postgresql-19-repack/resolute-pgdg 1.5.3-1.pgdg26.04+1 amd64
  reorganize tables in PostgreSQL databases with minimal locks

postgresql-19-repack-dbgsym/resolute-pgdg 1.5.3-1.pgdg26.04+1 amd64
  debug symbols for postgresql-19-repack

postgresql-19-roaringbitmap/resolute-pgdg 1.2.0-1.pgdg26.04+1 amd64
  RoaringBitmap extension for PostgreSQL

postgresql-19-roaringbitmap-dbgsym/resolute-pgdg 1.2.0-1.pgdg26.04+1 amd64
  debug symbols for postgresql-19-roaringbitmap

postgresql-19-semver/resolute-pgdg 0.41.0-1.pgdg26.04+1 amd64
  Semantic version number type for PostgreSQL

postgresql-19-semver-dbgsym/resolute-pgdg 0.41.0-1.pgdg26.04+1 amd64
  debug symbols for postgresql-19-semver

postgresql-19-set-user/resolute-pgdg 4.2.0-1.pgdg26.04+1 amd64
  PostgreSQL privilege escalation with enhanced logging and control

postgresql-19-set-user-dbgsym/resolute-pgdg 4.2.0-1.pgdg26.04+1 amd64
  debug symbols for postgresql-19-set-user

postgresql-19-show-plans/resolute-pgdg 2.1.8-1.pgdg26.04+1 amd64
  Show query plans of currently running PostgreSQL statements

postgresql-19-show-plans-dbgsym/resolute-pgdg 2.1.8-1.pgdg26.04+1 amd64
  debug symbols for postgresql-19-show-plans

postgresql-19-snakeoil/resolute-pgdg 1.4-4.pgdg26.04+1 amd64
  PostgreSQL anti-virus scanner based on ClamAV

postgresql-19-snakeoil-dbgsym/resolute-pgdg 1.4-4.pgdg26.04+1 amd64
  debug symbols for postgresql-19-snakeoil

postgresql-19-squeeze/resolute-pgdg 1.9.4-2.pgdg26.04+1 amd64
  PostgreSQL extension for automatic bloat cleanup

postgresql-19-squeeze-dbgsym/resolute-pgdg 1.9.4-2.pgdg26.04+1 amd64
  debug symbols for postgresql-19-squeeze

postgresql-19-stat-log/resolute-pgdg 0.1-2.pgdg26.04+1 amd64
  track PostgreSQL log messages

postgresql-19-stat-log-dbgsym/resolute-pgdg 0.1-2.pgdg26.04+1 amd64
  debug symbols for postgresql-19-stat-log

postgresql-19-statviz/resolute-pgdg 1.1-1.pgdg26.04+1 all
  PostgreSQL internal statistics analysis and visualization

postgresql-19-tablelog/resolute-pgdg 0.6.4-4.pgdg26.04+1 amd64
  log changes on tables and restore tables to point in time

postgresql-19-tablelog-dbgsym/resolute-pgdg 0.6.4-4.pgdg26.04+1 amd64
  debug symbols for postgresql-19-tablelog

postgresql-19-tdigest/resolute-pgdg 1.4.4-1.pgdg26.04+1 amd64
  t-digest algorithm for on-line accumulation of rank-based statistics

postgresql-19-tdigest-dbgsym/resolute-pgdg 1.4.4-1.pgdg26.04+1 amd64
  debug symbols for postgresql-19-tdigest

postgresql-19-timestamp9/resolute-pgdg 1.4.0-2.pgdg26.04+1 amd64
  Nanosecond precision timestamp type for PostgreSQL

postgresql-19-timestamp9-dbgsym/resolute-pgdg 1.4.0-2.pgdg26.04+1 amd64
  debug symbols for postgresql-19-timestamp9

postgresql-19-toastinfo/resolute-pgdg 1.7-1.pgdg26.04+1 amd64
  Show storage structure of varlena datatypes in PostgreSQL

postgresql-19-toastinfo-dbgsym/resolute-pgdg 1.7-1.pgdg26.04+1 amd64
  debug symbols for postgresql-19-toastinfo

postgresql-19-unit/resolute-pgdg 7.10-2.pgdg26.04+1 amd64
  SI Units for PostgreSQL

postgresql-19-unit-dbgsym/resolute-pgdg 7.10-2.pgdg26.04+1 amd64
  debug symbols for postgresql-19-unit

laborant@ubuntu-01:~$ 
laborant@ubuntu-01:~$ sudo vi /etc/apt/sources.list.d/pgdg.sources 
laborant@ubuntu-01:~$ sudo apt update
Hit:1 https://apt.postgresql.org/pub/repos/apt resolute-pgdg InRelease
Get:2 https://apt.postgresql.org/pub/repos/apt resolute-pgdg/19 amd64 Packages [30.1 kB]
Hit:3 http://security.ubuntu.com/ubuntu resolute-security InRelease                                                 
Hit:4 http://archive.ubuntu.com/ubuntu resolute InRelease                               
Hit:5 http://archive.ubuntu.com/ubuntu resolute-updates InRelease
Hit:6 http://archive.ubuntu.com/ubuntu resolute-backports InRelease
Fetched 30.1 kB in 1s (21.5 kB/s)
11 packages can be upgraded. Run 'apt list --upgradable' to see them.
laborant@ubuntu-01:~$ sudo apt info postgresql-19
Package: postgresql-19
Version: 19~beta3-1.pgdg26.04+1
Priority: optional
Section: 19/database
Maintainer: Debian PostgreSQL Maintainers <team+postgresql@tracker.debian.org>
Installed-Size: 37.9 MB
Provides: postgresql-contrib-19
Depends: locales | locales-all, postgresql-client-19 (= 19~beta3-1.pgdg26.04+1), postgresql-common (>= 275~), ssl-cert, tzdata, debconf (>= 0.5) | debcon>
Recommends: postgresql-19-jit, sysstat
Breaks: dbconfig-common (<< 2.0.22~)
Homepage: http://www.postgresql.org/
Postgresql-Catversion: 202607272-1902
Download-Size: 8033 kB
APT-Sources: https://apt.postgresql.org/pub/repos/apt resolute-pgdg/19 amd64 Packages
Description: The World's Most Advanced Open Source Relational Database
 PostgreSQL, also known as Postgres, is a free and open-source relational
 database management system (RDBMS) emphasizing extensibility and SQL
 compliance. It features transactions with Atomicity, Consistency, Isolation,
 Durability (ACID) properties, automatically updatable views, materialized
 views, triggers, foreign keys, and stored procedures. It is designed to handle
 a range of workloads, from single machines to data warehouses or Web services
 with many concurrent users.
 .
 This package provides the database server for PostgreSQL 19.

Notice: There are 2 additional records. Please use the '-a' switch to see them.
laborant@ubuntu-01:~$ sudo apt info -a postgresql-19
Package: postgresql-19
Version: 19~beta3-1.pgdg26.04+1
Priority: optional
Section: 19/database
Maintainer: Debian PostgreSQL Maintainers <team+postgresql@tracker.debian.org>
Installed-Size: 37.9 MB
Provides: postgresql-contrib-19
Depends: locales | locales-all, postgresql-client-19 (= 19~beta3-1.pgdg26.04+1), postgresql-common (>= 275~), ssl-cert, tzdata, debconf (>= 0.5) | debcon>
Recommends: postgresql-19-jit, sysstat
Breaks: dbconfig-common (<< 2.0.22~)
Homepage: http://www.postgresql.org/
Postgresql-Catversion: 202607272-1902
Download-Size: 8033 kB
APT-Sources: https://apt.postgresql.org/pub/repos/apt resolute-pgdg/19 amd64 Packages
Description: The World's Most Advanced Open Source Relational Database
 PostgreSQL, also known as Postgres, is a free and open-source relational
 database management system (RDBMS) emphasizing extensibility and SQL
 compliance. It features transactions with Atomicity, Consistency, Isolation,
 Durability (ACID) properties, automatically updatable views, materialized
 views, triggers, foreign keys, and stored procedures. It is designed to handle
 a range of workloads, from single machines to data warehouses or Web services
 with many concurrent users.
 .
 This package provides the database server for PostgreSQL 19.

Package: postgresql-19
Version: 19~beta2-1.pgdg26.04+1
Priority: optional
Section: 19/database
Maintainer: Debian PostgreSQL Maintainers <team+postgresql@tracker.debian.org>
Installed-Size: 37.8 MB
Provides: postgresql-contrib-19
Depends: locales | locales-all, postgresql-client-19 (= 19~beta2-1.pgdg26.04+1), postgresql-common (>= 275~), ssl-cert, tzdata, debconf (>= 0.5) | debcon>
Recommends: postgresql-19-jit, sysstat
Breaks: dbconfig-common (<< 2.0.22~)
Homepage: http://www.postgresql.org/
Postgresql-Catversion: 202607071-1902
Download-Size: 8005 kB
APT-Sources: https://apt.postgresql.org/pub/repos/apt resolute-pgdg/19 amd64 Packages
Description: The World's Most Advanced Open Source Relational Database
 PostgreSQL, also known as Postgres, is a free and open-source relational
 database management system (RDBMS) emphasizing extensibility and SQL
 compliance. It features transactions with Atomicity, Consistency, Isolation,
 Durability (ACID) properties, automatically updatable views, materialized
 views, triggers, foreign keys, and stored procedures. It is designed to handle
 a range of workloads, from single machines to data warehouses or Web services
 with many concurrent users.
 .
 This package provides the database server for PostgreSQL 19.

Package: postgresql-19
Version: 19~beta1-1.pgdg26.04+1
Priority: optional
Section: 19/database
Maintainer: Debian PostgreSQL Maintainers <team+postgresql@tracker.debian.org>
Installed-Size: 37.7 MB
Provides: postgresql-contrib-19
Depends: locales | locales-all, postgresql-client-19 (= 19~beta1-1.pgdg26.04+1), postgresql-common (>= 275~), ssl-cert, tzdata, debconf (>= 0.5) | debcon>
Recommends: postgresql-19-jit, sysstat
Breaks: dbconfig-common (<< 2.0.22~)
Homepage: http://www.postgresql.org/
Postgresql-Catversion: 202605131-1902
Download-Size: 7995 kB
APT-Sources: https://apt.postgresql.org/pub/repos/apt resolute-pgdg/19 amd64 Packages
Description: The World's Most Advanced Open Source Relational Database
 PostgreSQL, also known as Postgres, is a free and open-source relational
 database management system (RDBMS) emphasizing extensibility and SQL
 compliance. It features transactions with Atomicity, Consistency, Isolation,
 Durability (ACID) properties, automatically updatable views, materialized
 views, triggers, foreign keys, and stored procedures. It is designed to handle
 a range of workloads, from single machines to data warehouses or Web services
 with many concurrent users.
 .
 This package provides the database server for PostgreSQL 19.

laborant@ubuntu-01:~$ 
laborant@ubuntu-01:~$ ls /etc/apt/sources.list.d/
pgdg.sources  ubuntu.sources
laborant@ubuntu-01:~$ ls /etc/apt/sources.list.d/pgdg.sources 
/etc/apt/sources.list.d/pgdg.sources
laborant@ubuntu-01:~$ cat /etc/apt/sources.list.d/pgdg.sources 
Types: deb
URIs: https://apt.postgresql.org/pub/repos/apt/pool
Suites: resolute-pgdg
Components: main
Architectures: amd64
Signed-By: /usr/share/postgresql-common/pgdg/apt.postgresql.org.gpg
laborant@ubuntu-01:~$ apt update
Error: Could not open lock file /var/lib/apt/lists/lock - open (13: Permission denied)
Error: Unable to lock directory /var/lib/apt/lists/
laborant@ubuntu-01:~$ sudo apt update
Ign:1 https://apt.postgresql.org/pub/repos/apt/pool resolute-pgdg InRelease
Err:2 https://apt.postgresql.org/pub/repos/apt/pool resolute-pgdg Release
  404  Not Found [IP: 151.101.211.52 443]
Hit:3 http://archive.ubuntu.com/ubuntu resolute InRelease
Hit:4 http://security.ubuntu.com/ubuntu resolute-security InRelease
Hit:5 http://archive.ubuntu.com/ubuntu resolute-updates InRelease
Hit:6 http://archive.ubuntu.com/ubuntu resolute-backports InRelease
Error: The repository 'https://apt.postgresql.org/pub/repos/apt/pool resolute-pgdg Release' does not have a Release file.
Notice: Updating from such a repository can't be done securely, and is therefore disabled by default.
Notice: See apt-secure(8) manpage for repository creation and user configuration details.
laborant@ubuntu-01:~$ vi /etc/apt/sources.list.d/pgdg.sources 
laborant@ubuntu-01:~$ sudo vi /etc/apt/sources.list.d/pgdg.sources 
laborant@ubuntu-01:~$ sudo apt update
Hit:1 https://apt.postgresql.org/pub/repos/apt resolute-pgdg InRelease
Hit:2 http://security.ubuntu.com/ubuntu resolute-security InRelease                                        
Hit:3 http://archive.ubuntu.com/ubuntu resolute InRelease                                                  
Hit:4 http://archive.ubuntu.com/ubuntu resolute-updates InRelease
Hit:5 http://archive.ubuntu.com/ubuntu resolute-backports InRelease
13 packages can be upgraded. Run 'apt list --upgradable' to see them.
laborant@ubuntu-01:~$ sudo apt search postgresql-19
postgresql-19/now 19~beta3-1.pgdg26.04+1 amd64 [installed,local]
  The World's Most Advanced Open Source Relational Database

postgresql-19-address-standardizer/resolute-pgdg 3.7.0-1.pgdg26.04+1 amd64
  Postgres extension to parse a US street address string

postgresql-19-address-standardizer-dbgsym/resolute-pgdg 3.7.0-1.pgdg26.04+1 amd64
  debug symbols for postgresql-19-address-standardizer

postgresql-19-asn1oid/resolute-pgdg 1.6-3.pgdg26.04+1 amd64
  ASN.1 OID data type for PostgreSQL

postgresql-19-asn1oid-dbgsym/resolute-pgdg 1.6-3.pgdg26.04+1 amd64
  debug symbols for postgresql-19-asn1oid

postgresql-19-bgw-replstatus/resolute-pgdg 1.0.8-2.pgdg26.04+1 amd64
  report whether PostgreSQL node is master or standby

postgresql-19-bgw-replstatus-dbgsym/resolute-pgdg 1.0.8-2.pgdg26.04+1 amd64
  debug symbols for postgresql-19-bgw-replstatus

postgresql-19-credcheck/resolute-pgdg 5.0-2.pgdg26.04+1 amd64
  PostgreSQL username/password checks

postgresql-19-credcheck-dbgsym/resolute-pgdg 5.0-2.pgdg26.04+1 amd64
  debug symbols for postgresql-19-credcheck

postgresql-19-cron/resolute-pgdg 1.6.7-3.pgdg26.04+1 amd64
  Run periodic jobs in PostgreSQL

postgresql-19-cron-dbgsym/resolute-pgdg 1.6.7-3.pgdg26.04+1 amd64
  debug symbols for postgresql-19-cron

postgresql-19-debversion/resolute-pgdg 1.2.0-3.pgdg26.04+1 amd64
  Debian version number type for PostgreSQL

postgresql-19-debversion-dbgsym/resolute-pgdg 1.2.0-3.pgdg26.04+1 amd64
  debug symbols for postgresql-19-debversion

postgresql-19-dirtyread/resolute-pgdg 2.8-1.pgdg26.04+1 amd64
  Read dead but unvacuumed tuples from a PostgreSQL relation

postgresql-19-dirtyread-dbgsym/resolute-pgdg 2.8-1.pgdg26.04+1 amd64
  debug symbols for postgresql-19-dirtyread

postgresql-19-extra-window-functions/resolute-pgdg 1.0-7.pgdg26.04+1 amd64
  Extra Window Functions for PostgreSQL

postgresql-19-extra-window-functions-dbgsym/resolute-pgdg 1.0-7.pgdg26.04+1 amd64
  debug symbols for postgresql-19-extra-window-functions

postgresql-19-hll/resolute-pgdg 2.21-1.pgdg26.04+1 amd64
  HyperLogLog extension for PostgreSQL

postgresql-19-hll-dbgsym/resolute-pgdg 2.21-1.pgdg26.04+1 amd64
  debug symbols for postgresql-19-hll

postgresql-19-http/resolute-pgdg 1.7.2-2.pgdg26.04+1 amd64
  HTTP client for PostgreSQL, retrieve a web page from inside the database

postgresql-19-http-dbgsym/resolute-pgdg 1.7.2-2.pgdg26.04+1 amd64
  debug symbols for postgresql-19-http

postgresql-19-hypopg/resolute-pgdg 1.4.3-1.pgdg26.04+1 amd64
  PostgreSQL extension adding support for hypothetical indexes.

postgresql-19-hypopg-dbgsym/resolute-pgdg 1.4.3-1.pgdg26.04+1 amd64
  debug symbols for postgresql-19-hypopg

postgresql-19-icu-ext/resolute-pgdg 1.11.0-1.pgdg26.04+1 amd64
  PostgreSQL extension exposing functionality from the ICU library

postgresql-19-icu-ext-dbgsym/resolute-pgdg 1.11.0-1.pgdg26.04+1 amd64
  debug symbols for postgresql-19-icu-ext

postgresql-19-ip4r/resolute-pgdg 2.4.3-1.pgdg26.04+1 amd64
  IPv4 and IPv6 types for PostgreSQL 19

postgresql-19-ip4r-dbgsym/resolute-pgdg 2.4.3-1.pgdg26.04+1 amd64
  debug symbols for postgresql-19-ip4r

postgresql-19-mimeo/resolute-pgdg 1.5.1-20.pgdg26.04+1 all
  specialized, per-table replication between PostgreSQL instances

postgresql-19-numeral/resolute-pgdg 1.3-9.pgdg26.04+1 amd64
  numeral datatypes for PostgreSQL

postgresql-19-numeral-dbgsym/resolute-pgdg 1.3-9.pgdg26.04+1 amd64
  debug symbols for postgresql-19-numeral

postgresql-19-ogr-fdw/resolute-pgdg 1.1.9-1.pgdg26.04+1 amd64
  PostgreSQL foreign data wrapper for OGR

postgresql-19-ogr-fdw-dbgsym/resolute-pgdg 1.1.9-1.pgdg26.04+1 amd64
  debug symbols for postgresql-19-ogr-fdw

postgresql-19-oracle-fdw/resolute-pgdg 2.9.0-1.pgdg26.04+1 amd64
  PostgreSQL Foreign Data Wrapper for Oracle

postgresql-19-oracle-fdw-dbgsym/resolute-pgdg 2.9.0-1.pgdg26.04+1 amd64
  debug symbols for postgresql-19-oracle-fdw

postgresql-19-orafce/resolute-pgdg 4.16.7-1.pgdg26.04+1 amd64
  Oracle support functions for PostgreSQL 19

postgresql-19-orafce-dbgsym/resolute-pgdg 4.16.7-1.pgdg26.04+1 amd64
  debug symbols for postgresql-19-orafce

postgresql-19-partman/resolute-pgdg 5.5.0-1.pgdg26.04+1 amd64
  PostgreSQL Partition Manager

postgresql-19-partman-dbgsym/resolute-pgdg 5.5.0-1.pgdg26.04+1 amd64
  debug symbols for postgresql-19-partman

postgresql-19-pg-background/resolute-pgdg 2.0.2-1.pgdg26.04+1 amd64
  Background SQL extension for PostgreSQL

postgresql-19-pg-background-dbgsym/resolute-pgdg 2.0.2-1.pgdg26.04+1 amd64
  debug symbols for postgresql-19-pg-background

postgresql-19-pg-catcheck/resolute-pgdg 1.6.0-2.pgdg26.04+1 amd64
  Postgres system catalog checker

postgresql-19-pg-catcheck-dbgsym/resolute-pgdg 1.6.0-2.pgdg26.04+1 amd64
  debug symbols for postgresql-19-pg-catcheck

postgresql-19-pg-crash/resolute-pgdg 0.3-2.pgdg26.04+1 amd64
  Periodically crash your PostgreSQL database

postgresql-19-pg-crash-dbgsym/resolute-pgdg 0.3-2.pgdg26.04+1 amd64
  debug symbols for postgresql-19-pg-crash

postgresql-19-pg-csv/resolute-pgdg 1.0.2-1.pgdg26.04+1 amd64
  Flexible CSV processing for Postgres

postgresql-19-pg-csv-dbgsym/resolute-pgdg 1.0.2-1.pgdg26.04+1 amd64
  debug symbols for postgresql-19-pg-csv

postgresql-19-pg-gvm/resolute-pgdg 22.6.17-1.pgdg26.04+1 amd64
  PostgreSQL extension for ical object manipulation

postgresql-19-pg-gvm-dbgsym/resolute-pgdg 22.6.17-1.pgdg26.04+1 amd64
  debug symbols for postgresql-19-pg-gvm

postgresql-19-pg-permissions/resolute-pgdg 1.4.1-1.pgdg26.04+1 all
  see all permissions in a PostgreSQL database

postgresql-19-pg-pwhash/resolute-pgdg 1.0-2.pgdg26.04+3 amd64
  Advanced password hashing methods for PostgreSQL

postgresql-19-pg-pwhash-dbgsym/resolute-pgdg 1.0-2.pgdg26.04+3 amd64
  debug symbols for postgresql-19-pg-pwhash

postgresql-19-pg-qualstats/resolute-pgdg 2.1.4-1.pgdg26.04+1 amd64
  PostgreSQL extension to gather statistics about predicates.

postgresql-19-pg-qualstats-dbgsym/resolute-pgdg 2.1.4-1.pgdg26.04+1 amd64
  debug symbols for postgresql-19-pg-qualstats

postgresql-19-pg-rewrite/resolute-pgdg 2.2-2.pgdg26.04+1 amd64
  Rewrite PostgreSQL tables with less locking

postgresql-19-pg-rewrite-dbgsym/resolute-pgdg 2.2-2.pgdg26.04+1 amd64
  debug symbols for postgresql-19-pg-rewrite

postgresql-19-pg-rrule/resolute-pgdg 0.3.0-1.pgdg26.04+1 amd64
  RRULE data type for PostgreSQL

postgresql-19-pg-rrule-dbgsym/resolute-pgdg 0.3.0-1.pgdg26.04+1 amd64
  debug symbols for postgresql-19-pg-rrule

postgresql-19-pg-stat-kcache/resolute-pgdg 2.3.2-1.pgdg26.04+1 amd64
  PostgreSQL extension to gather per-query kernel statistics.

postgresql-19-pg-stat-kcache-dbgsym/resolute-pgdg 2.3.2-1.pgdg26.04+1 amd64
  debug symbols for postgresql-19-pg-stat-kcache

postgresql-19-pg-stat-plans/resolute-pgdg 2.1.0-1.pgdg26.04+1 amd64
  Track per-plan call counts, execution times and EXPLAIN texts in PostgreSQL

postgresql-19-pg-stat-plans-dbgsym/resolute-pgdg 2.1.0-1.pgdg26.04+1 amd64
  debug symbols for postgresql-19-pg-stat-plans

postgresql-19-pg-track-settings/resolute-pgdg 2.1.2-5.pgdg26.04+1 all
  PostgreSQL extension tracking of configuration settings

postgresql-19-pg-uuidv7/resolute-pgdg 1.7.0-1.pgdg26.04+1 amd64
  Extension providing UUIDv7 data type

postgresql-19-pg-uuidv7-dbgsym/resolute-pgdg 1.7.0-1.pgdg26.04+1 amd64
  debug symbols for postgresql-19-pg-uuidv7

postgresql-19-pg-wait-sampling/resolute-pgdg 1.1.11-1.pgdg26.04+1 amd64
  Extension providing statistics about PostgreSQL wait events

postgresql-19-pg-wait-sampling-dbgsym/resolute-pgdg 1.1.11-1.pgdg26.04+1 amd64
  debug symbols for postgresql-19-pg-wait-sampling

postgresql-19-pgaudit/resolute-pgdg 19~beta3-1.pgdg26.04+1 amd64
  PostgreSQL Audit Extension

postgresql-19-pgaudit-dbgsym/resolute-pgdg 19~beta3-1.pgdg26.04+1 amd64
  debug symbols for postgresql-19-pgaudit

postgresql-19-pgauditlogtofile/resolute-pgdg 1.8.5-1.pgdg26.04+1 amd64
  PostgreSQL pgAudit Add-On to redirect audit logs

postgresql-19-pgauditlogtofile-dbgsym/resolute-pgdg 1.8.5-1.pgdg26.04+1 amd64
  debug symbols for postgresql-19-pgauditlogtofile

postgresql-19-pgextwlist/resolute-pgdg 1.20-1.pgdg26.04+1 amd64
  PostgreSQL Extension Whitelisting

postgresql-19-pgextwlist-dbgsym/resolute-pgdg 1.20-1.pgdg26.04+1 amd64
  debug symbols for postgresql-19-pgextwlist

postgresql-19-pgfincore/resolute-pgdg 1.4.0-1.pgdg26.04+1 amd64
  set of PostgreSQL functions to manage blocks in memory

postgresql-19-pgfincore-dbgsym/resolute-pgdg 1.4.0-1.pgdg26.04+1 amd64
  debug symbols for postgresql-19-pgfincore

postgresql-19-pglogical/resolute-pgdg 2.4.8-1.pgdg26.04+1 amd64
  Logical Replication Extension for PostgreSQL

postgresql-19-pglogical-dbgsym/resolute-pgdg 2.4.8-1.pgdg26.04+1 amd64
  debug symbols for postgresql-19-pglogical

postgresql-19-pgmemcache/resolute-pgdg 2.3.0-16.pgdg26.04+1 amd64
  PostgreSQL interface to memcached

postgresql-19-pgmemcache-dbgsym/resolute-pgdg 2.3.0-16.pgdg26.04+1 amd64
  debug symbols for postgresql-19-pgmemcache

postgresql-19-pgmp/resolute-pgdg 1.0.6-1.pgdg26.04+1 amd64
  arbitrary precision integers and rationals for PostgreSQL 19

postgresql-19-pgmp-dbgsym/resolute-pgdg 1.0.6-1.pgdg26.04+1 amd64
  debug symbols for postgresql-19-pgmp

postgresql-19-pgpcre/resolute-pgdg 0.20190509-9.pgdg26.04+1 amd64
  Perl Compatible Regular Expressions (PCRE) extension for PostgreSQL

postgresql-19-pgpcre-dbgsym/resolute-pgdg 0.20190509-9.pgdg26.04+1 amd64
  debug symbols for postgresql-19-pgpcre

postgresql-19-pgrouting/resolute-pgdg 4.0.1-1.pgdg26.04+1 amd64
  Routing functionality support for PostgreSQL/PostGIS

postgresql-19-pgrouting-dbgsym/resolute-pgdg 4.0.1-1.pgdg26.04+1 amd64
  debug symbols for postgresql-19-pgrouting

postgresql-19-pgrouting-scripts/resolute-pgdg 4.0.1-1.pgdg26.04+1 all
  Routing functionality support for PostgreSQL/PostGIS - SQL scripts

postgresql-19-pgsentinel/resolute-pgdg 1.4.2-1.pgdg26.04+1 amd64
  PostgreSQL extension pgsentinel

postgresql-19-pgsentinel-dbgsym/resolute-pgdg 1.4.2-1.pgdg26.04+1 amd64
  debug symbols for postgresql-19-pgsentinel

postgresql-19-pgtap/resolute-pgdg 1.3.4-1.pgdg26.04+1 all
  Unit testing framework extension for PostgreSQL 19

postgresql-19-pgtt/resolute-pgdg 4.6-1.pgdg26.04+1 amd64
  PostgreSQL Global Temporary Tables

postgresql-19-pgtt-dbgsym/resolute-pgdg 4.6-1.pgdg26.04+1 amd64
  debug symbols for postgresql-19-pgtt

postgresql-19-pgvector/resolute-pgdg 0.8.6-1.pgdg26.04+1 amd64
  Open-source vector similarity search for Postgres

postgresql-19-pgvector-dbgsym/resolute-pgdg 0.8.6-1.pgdg26.04+1 amd64
  debug symbols for postgresql-19-pgvector

postgresql-19-plpgsql-check/resolute-pgdg 2.10.4-1.pgdg26.04+1 amd64
  plpgsql_check extension for PostgreSQL

postgresql-19-plpgsql-check-dbgsym/resolute-pgdg 2.10.4-1.pgdg26.04+1 amd64
  debug symbols for postgresql-19-plpgsql-check

postgresql-19-plproxy/resolute-pgdg 2.12.0-1.pgdg26.04+1 amd64
  database partitioning system for PostgreSQL 19

postgresql-19-plproxy-dbgsym/resolute-pgdg 2.12.0-1.pgdg26.04+1 amd64
  debug symbols for postgresql-19-plproxy

postgresql-19-plr/resolute-pgdg 1:8.4.8.6-1.pgdg26.04+1 amd64
  Procedural language interface between PostgreSQL and R

postgresql-19-plr-dbgsym/resolute-pgdg 1:8.4.8.6-1.pgdg26.04+1 amd64
  debug symbols for postgresql-19-plr

postgresql-19-plsh/resolute-pgdg 1.20220917-4.pgdg26.04+1 amd64
  PL/sh procedural language for PostgreSQL 19

postgresql-19-plsh-dbgsym/resolute-pgdg 1.20220917-4.pgdg26.04+1 amd64
  debug symbols for postgresql-19-plsh

postgresql-19-postgis-3/resolute-pgdg 3.6.4+dfsg-2.pgdg26.04+1 amd64
  Geographic objects support for PostgreSQL 19

postgresql-19-postgis-3-dbgsym/resolute-pgdg 3.6.4+dfsg-2.pgdg26.04+1 amd64
  debug symbols for postgresql-19-postgis-3

postgresql-19-postgis-3-scripts/resolute-pgdg 3.6.4+dfsg-2.pgdg26.04+1 all
  Geographic objects support for PostgreSQL 19 -- SQL scripts

postgresql-19-powa/resolute-pgdg 5.2.0-1.pgdg26.04+1 amd64
  PostgreSQL Workload Analyzer -- PostgreSQL 19 extension

postgresql-19-powa-dbgsym/resolute-pgdg 5.2.0-1.pgdg26.04+1 amd64
  debug symbols for postgresql-19-powa

postgresql-19-prefix/resolute-pgdg 1.2.11-1.pgdg26.04+1 amd64
  Prefix Range module for PostgreSQL

postgresql-19-prefix-dbgsym/resolute-pgdg 1.2.11-1.pgdg26.04+1 amd64
  debug symbols for postgresql-19-prefix

postgresql-19-preprepare/resolute-pgdg 0.9-10.pgdg26.04+1 amd64
  pre prepare your PostgreSQL statements server side

postgresql-19-preprepare-dbgsym/resolute-pgdg 0.9-10.pgdg26.04+1 amd64
  debug symbols for postgresql-19-preprepare

postgresql-19-q3c/resolute-pgdg 2.0.5-1.pgdg26.04+1 amd64
  PostgreSQL 19 extension used for indexing the sky

postgresql-19-q3c-dbgsym/resolute-pgdg 2.0.5-1.pgdg26.04+1 amd64
  debug symbols for postgresql-19-q3c

postgresql-19-rational/resolute-pgdg 0.0.3-1.pgdg26.04+1 amd64
  Precise fractional arithmetic for PostgreSQL

postgresql-19-rational-dbgsym/resolute-pgdg 0.0.3-1.pgdg26.04+1 amd64
  debug symbols for postgresql-19-rational

postgresql-19-repack/resolute-pgdg 1.5.3-1.pgdg26.04+1 amd64
  reorganize tables in PostgreSQL databases with minimal locks

postgresql-19-repack-dbgsym/resolute-pgdg 1.5.3-1.pgdg26.04+1 amd64
  debug symbols for postgresql-19-repack

postgresql-19-roaringbitmap/resolute-pgdg 1.2.0-1.pgdg26.04+1 amd64
  RoaringBitmap extension for PostgreSQL

postgresql-19-roaringbitmap-dbgsym/resolute-pgdg 1.2.0-1.pgdg26.04+1 amd64
  debug symbols for postgresql-19-roaringbitmap

postgresql-19-semver/resolute-pgdg 0.41.0-1.pgdg26.04+1 amd64
  Semantic version number type for PostgreSQL

postgresql-19-semver-dbgsym/resolute-pgdg 0.41.0-1.pgdg26.04+1 amd64
  debug symbols for postgresql-19-semver

postgresql-19-set-user/resolute-pgdg 4.2.0-1.pgdg26.04+1 amd64
  PostgreSQL privilege escalation with enhanced logging and control

...skipping...
postgresql-19-stat-log-dbgsym/resolute-pgdg 0.1-2.pgdg26.04+1 amd64
  debug symbols for postgresql-19-stat-log

postgresql-19-statviz/resolute-pgdg 1.1-1.pgdg26.04+1 all
  PostgreSQL internal statistics analysis and visualization

postgresql-19-tablelog/resolute-pgdg 0.6.4-4.pgdg26.04+1 amd64
  log changes on tables and restore tables to point in time

postgresql-19-tablelog-dbgsym/resolute-pgdg 0.6.4-4.pgdg26.04+1 amd64
  debug symbols for postgresql-19-tablelog

postgresql-19-tdigest/resolute-pgdg 1.4.4-1.pgdg26.04+1 amd64
  t-digest algorithm for on-line accumulation of rank-based statistics

postgresql-19-tdigest-dbgsym/resolute-pgdg 1.4.4-1.pgdg26.04+1 amd64
  debug symbols for postgresql-19-tdigest

postgresql-19-timestamp9/resolute-pgdg 1.4.0-2.pgdg26.04+1 amd64
  Nanosecond precision timestamp type for PostgreSQL

postgresql-19-timestamp9-dbgsym/resolute-pgdg 1.4.0-2.pgdg26.04+1 amd64
  debug symbols for postgresql-19-timestamp9

postgresql-19-toastinfo/resolute-pgdg 1.7-1.pgdg26.04+1 amd64
  Show storage structure of varlena datatypes in PostgreSQL

postgresql-19-toastinfo-dbgsym/resolute-pgdg 1.7-1.pgdg26.04+1 amd64
  debug symbols for postgresql-19-toastinfo

postgresql-19-unit/resolute-pgdg 7.10-2.pgdg26.04+1 amd64
  SI Units for PostgreSQL

postgresql-19-unit-dbgsym/resolute-pgdg 7.10-2.pgdg26.04+1 amd64
  debug symbols for postgresql-19-unit

laborant@ubuntu-01:~$ sudo apt search postgresql-19
postgresql-19/now 19~beta3-1.pgdg26.04+1 amd64 [installed,local]
  The World's Most Advanced Open Source Relational Database

postgresql-19-address-standardizer/resolute-pgdg 3.7.0-1.pgdg26.04+1 amd64
  Postgres extension to parse a US street address string

postgresql-19-address-standardizer-dbgsym/resolute-pgdg 3.7.0-1.pgdg26.04+1 amd64
  debug symbols for postgresql-19-address-standardizer

postgresql-19-asn1oid/resolute-pgdg 1.6-3.pgdg26.04+1 amd64
  ASN.1 OID data type for PostgreSQL

postgresql-19-asn1oid-dbgsym/resolute-pgdg 1.6-3.pgdg26.04+1 amd64
  debug symbols for postgresql-19-asn1oid

postgresql-19-bgw-replstatus/resolute-pgdg 1.0.8-2.pgdg26.04+1 amd64
  report whether PostgreSQL node is master or standby

postgresql-19-bgw-replstatus-dbgsym/resolute-pgdg 1.0.8-2.pgdg26.04+1 amd64
  debug symbols for postgresql-19-bgw-replstatus

postgresql-19-credcheck/resolute-pgdg 5.0-2.pgdg26.04+1 amd64
  PostgreSQL username/password checks

postgresql-19-credcheck-dbgsym/resolute-pgdg 5.0-2.pgdg26.04+1 amd64
  debug symbols for postgresql-19-credcheck

postgresql-19-cron/resolute-pgdg 1.6.7-3.pgdg26.04+1 amd64
  Run periodic jobs in PostgreSQL

postgresql-19-cron-dbgsym/resolute-pgdg 1.6.7-3.pgdg26.04+1 amd64
  debug symbols for postgresql-19-cron

postgresql-19-debversion/resolute-pgdg 1.2.0-3.pgdg26.04+1 amd64
  Debian version number type for PostgreSQL

postgresql-19-debversion-dbgsym/resolute-pgdg 1.2.0-3.pgdg26.04+1 amd64
  debug symbols for postgresql-19-debversion

postgresql-19-dirtyread/resolute-pgdg 2.8-1.pgdg26.04+1 amd64
  Read dead but unvacuumed tuples from a PostgreSQL relation

postgresql-19-dirtyread-dbgsym/resolute-pgdg 2.8-1.pgdg26.04+1 amd64
  debug symbols for postgresql-19-dirtyread

postgresql-19-extra-window-functions/resolute-pgdg 1.0-7.pgdg26.04+1 amd64
  Extra Window Functions for PostgreSQL

postgresql-19-extra-window-functions-dbgsym/resolute-pgdg 1.0-7.pgdg26.04+1 amd64
  debug symbols for postgresql-19-extra-window-functions

postgresql-19-hll/resolute-pgdg 2.21-1.pgdg26.04+1 amd64
  HyperLogLog extension for PostgreSQL

postgresql-19-hll-dbgsym/resolute-pgdg 2.21-1.pgdg26.04+1 amd64
  debug symbols for postgresql-19-hll

postgresql-19-http/resolute-pgdg 1.7.2-2.pgdg26.04+1 amd64
  HTTP client for PostgreSQL, retrieve a web page from inside the database

postgresql-19-http-dbgsym/resolute-pgdg 1.7.2-2.pgdg26.04+1 amd64
  debug symbols for postgresql-19-http

postgresql-19-hypopg/resolute-pgdg 1.4.3-1.pgdg26.04+1 amd64
  PostgreSQL extension adding support for hypothetical indexes.

postgresql-19-hypopg-dbgsym/resolute-pgdg 1.4.3-1.pgdg26.04+1 amd64
  debug symbols for postgresql-19-hypopg

postgresql-19-icu-ext/resolute-pgdg 1.11.0-1.pgdg26.04+1 amd64
  PostgreSQL extension exposing functionality from the ICU library

postgresql-19-icu-ext-dbgsym/resolute-pgdg 1.11.0-1.pgdg26.04+1 amd64
  debug symbols for postgresql-19-icu-ext

postgresql-19-ip4r/resolute-pgdg 2.4.3-1.pgdg26.04+1 amd64
  IPv4 and IPv6 types for PostgreSQL 19

postgresql-19-ip4r-dbgsym/resolute-pgdg 2.4.3-1.pgdg26.04+1 amd64
  debug symbols for postgresql-19-ip4r

postgresql-19-mimeo/resolute-pgdg 1.5.1-20.pgdg26.04+1 all
  specialized, per-table replication between PostgreSQL instances

postgresql-19-numeral/resolute-pgdg 1.3-9.pgdg26.04+1 amd64
  numeral datatypes for PostgreSQL

postgresql-19-numeral-dbgsym/resolute-pgdg 1.3-9.pgdg26.04+1 amd64
  debug symbols for postgresql-19-numeral

postgresql-19-ogr-fdw/resolute-pgdg 1.1.9-1.pgdg26.04+1 amd64
  PostgreSQL foreign data wrapper for OGR

postgresql-19-ogr-fdw-dbgsym/resolute-pgdg 1.1.9-1.pgdg26.04+1 amd64
  debug symbols for postgresql-19-ogr-fdw

postgresql-19-oracle-fdw/resolute-pgdg 2.9.0-1.pgdg26.04+1 amd64
  PostgreSQL Foreign Data Wrapper for Oracle

postgresql-19-oracle-fdw-dbgsym/resolute-pgdg 2.9.0-1.pgdg26.04+1 amd64
  debug symbols for postgresql-19-oracle-fdw

postgresql-19-orafce/resolute-pgdg 4.16.7-1.pgdg26.04+1 amd64
  Oracle support functions for PostgreSQL 19

postgresql-19-orafce-dbgsym/resolute-pgdg 4.16.7-1.pgdg26.04+1 amd64
  debug symbols for postgresql-19-orafce

postgresql-19-partman/resolute-pgdg 5.5.0-1.pgdg26.04+1 amd64
  PostgreSQL Partition Manager

postgresql-19-partman-dbgsym/resolute-pgdg 5.5.0-1.pgdg26.04+1 amd64
  debug symbols for postgresql-19-partman

postgresql-19-pg-background/resolute-pgdg 2.0.2-1.pgdg26.04+1 amd64
  Background SQL extension for PostgreSQL

postgresql-19-pg-background-dbgsym/resolute-pgdg 2.0.2-1.pgdg26.04+1 amd64
  debug symbols for postgresql-19-pg-background

postgresql-19-pg-catcheck/resolute-pgdg 1.6.0-2.pgdg26.04+1 amd64
  Postgres system catalog checker

postgresql-19-pg-catcheck-dbgsym/resolute-pgdg 1.6.0-2.pgdg26.04+1 amd64
  debug symbols for postgresql-19-pg-catcheck

postgresql-19-pg-crash/resolute-pgdg 0.3-2.pgdg26.04+1 amd64
  Periodically crash your PostgreSQL database

postgresql-19-pg-crash-dbgsym/resolute-pgdg 0.3-2.pgdg26.04+1 amd64
  debug symbols for postgresql-19-pg-crash

postgresql-19-pg-csv/resolute-pgdg 1.0.2-1.pgdg26.04+1 amd64
  Flexible CSV processing for Postgres

postgresql-19-pg-csv-dbgsym/resolute-pgdg 1.0.2-1.pgdg26.04+1 amd64
  debug symbols for postgresql-19-pg-csv

postgresql-19-pg-gvm/resolute-pgdg 22.6.17-1.pgdg26.04+1 amd64
  PostgreSQL extension for ical object manipulation

postgresql-19-pg-gvm-dbgsym/resolute-pgdg 22.6.17-1.pgdg26.04+1 amd64
  debug symbols for postgresql-19-pg-gvm

postgresql-19-pg-permissions/resolute-pgdg 1.4.1-1.pgdg26.04+1 all
  see all permissions in a PostgreSQL database

postgresql-19-pg-pwhash/resolute-pgdg 1.0-2.pgdg26.04+3 amd64
  Advanced password hashing methods for PostgreSQL

postgresql-19-pg-pwhash-dbgsym/resolute-pgdg 1.0-2.pgdg26.04+3 amd64
  debug symbols for postgresql-19-pg-pwhash

postgresql-19-pg-qualstats/resolute-pgdg 2.1.4-1.pgdg26.04+1 amd64
  PostgreSQL extension to gather statistics about predicates.

postgresql-19-pg-qualstats-dbgsym/resolute-pgdg 2.1.4-1.pgdg26.04+1 amd64
  debug symbols for postgresql-19-pg-qualstats

postgresql-19-pg-rewrite/resolute-pgdg 2.2-2.pgdg26.04+1 amd64
  Rewrite PostgreSQL tables with less locking

postgresql-19-pg-rewrite-dbgsym/resolute-pgdg 2.2-2.pgdg26.04+1 amd64
  debug symbols for postgresql-19-pg-rewrite

postgresql-19-pg-rrule/resolute-pgdg 0.3.0-1.pgdg26.04+1 amd64
  RRULE data type for PostgreSQL

postgresql-19-pg-rrule-dbgsym/resolute-pgdg 0.3.0-1.pgdg26.04+1 amd64
  debug symbols for postgresql-19-pg-rrule

postgresql-19-pg-stat-kcache/resolute-pgdg 2.3.2-1.pgdg26.04+1 amd64
  PostgreSQL extension to gather per-query kernel statistics.

postgresql-19-pg-stat-kcache-dbgsym/resolute-pgdg 2.3.2-1.pgdg26.04+1 amd64
  debug symbols for postgresql-19-pg-stat-kcache

postgresql-19-pg-stat-plans/resolute-pgdg 2.1.0-1.pgdg26.04+1 amd64
  Track per-plan call counts, execution times and EXPLAIN texts in PostgreSQL

postgresql-19-pg-stat-plans-dbgsym/resolute-pgdg 2.1.0-1.pgdg26.04+1 amd64
  debug symbols for postgresql-19-pg-stat-plans

postgresql-19-pg-track-settings/resolute-pgdg 2.1.2-5.pgdg26.04+1 all
  PostgreSQL extension tracking of configuration settings

postgresql-19-pg-uuidv7/resolute-pgdg 1.7.0-1.pgdg26.04+1 amd64
  Extension providing UUIDv7 data type

postgresql-19-pg-uuidv7-dbgsym/resolute-pgdg 1.7.0-1.pgdg26.04+1 amd64
  debug symbols for postgresql-19-pg-uuidv7

postgresql-19-pg-wait-sampling/resolute-pgdg 1.1.11-1.pgdg26.04+1 amd64
  Extension providing statistics about PostgreSQL wait events

postgresql-19-pg-wait-sampling-dbgsym/resolute-pgdg 1.1.11-1.pgdg26.04+1 amd64
  debug symbols for postgresql-19-pg-wait-sampling

postgresql-19-pgaudit/resolute-pgdg 19~beta3-1.pgdg26.04+1 amd64
  PostgreSQL Audit Extension

postgresql-19-pgaudit-dbgsym/resolute-pgdg 19~beta3-1.pgdg26.04+1 amd64
  debug symbols for postgresql-19-pgaudit

postgresql-19-pgauditlogtofile/resolute-pgdg 1.8.5-1.pgdg26.04+1 amd64
  PostgreSQL pgAudit Add-On to redirect audit logs

postgresql-19-pgauditlogtofile-dbgsym/resolute-pgdg 1.8.5-1.pgdg26.04+1 amd64
  debug symbols for postgresql-19-pgauditlogtofile

postgresql-19-pgextwlist/resolute-pgdg 1.20-1.pgdg26.04+1 amd64
  PostgreSQL Extension Whitelisting

postgresql-19-pgextwlist-dbgsym/resolute-pgdg 1.20-1.pgdg26.04+1 amd64
  debug symbols for postgresql-19-pgextwlist

postgresql-19-pgfincore/resolute-pgdg 1.4.0-1.pgdg26.04+1 amd64
  set of PostgreSQL functions to manage blocks in memory

postgresql-19-pgfincore-dbgsym/resolute-pgdg 1.4.0-1.pgdg26.04+1 amd64
  debug symbols for postgresql-19-pgfincore

postgresql-19-pglogical/resolute-pgdg 2.4.8-1.pgdg26.04+1 amd64
  Logical Replication Extension for PostgreSQL

postgresql-19-pglogical-dbgsym/resolute-pgdg 2.4.8-1.pgdg26.04+1 amd64
  debug symbols for postgresql-19-pglogical

postgresql-19-pgmemcache/resolute-pgdg 2.3.0-16.pgdg26.04+1 amd64
  PostgreSQL interface to memcached

postgresql-19-pgmemcache-dbgsym/resolute-pgdg 2.3.0-16.pgdg26.04+1 amd64
  debug symbols for postgresql-19-pgmemcache

postgresql-19-pgmp/resolute-pgdg 1.0.6-1.pgdg26.04+1 amd64
  arbitrary precision integers and rationals for PostgreSQL 19

postgresql-19-pgmp-dbgsym/resolute-pgdg 1.0.6-1.pgdg26.04+1 amd64
  debug symbols for postgresql-19-pgmp

postgresql-19-pgpcre/resolute-pgdg 0.20190509-9.pgdg26.04+1 amd64
  Perl Compatible Regular Expressions (PCRE) extension for PostgreSQL

postgresql-19-pgpcre-dbgsym/resolute-pgdg 0.20190509-9.pgdg26.04+1 amd64
  debug symbols for postgresql-19-pgpcre

postgresql-19-pgrouting/resolute-pgdg 4.0.1-1.pgdg26.04+1 amd64
  Routing functionality support for PostgreSQL/PostGIS

postgresql-19-pgrouting-dbgsym/resolute-pgdg 4.0.1-1.pgdg26.04+1 amd64
  debug symbols for postgresql-19-pgrouting

postgresql-19-pgrouting-scripts/resolute-pgdg 4.0.1-1.pgdg26.04+1 all
  Routing functionality support for PostgreSQL/PostGIS - SQL scripts

postgresql-19-pgsentinel/resolute-pgdg 1.4.2-1.pgdg26.04+1 amd64
  PostgreSQL extension pgsentinel

postgresql-19-pgsentinel-dbgsym/resolute-pgdg 1.4.2-1.pgdg26.04+1 amd64
  debug symbols for postgresql-19-pgsentinel

postgresql-19-pgtap/resolute-pgdg 1.3.4-1.pgdg26.04+1 all
  Unit testing framework extension for PostgreSQL 19

postgresql-19-pgtt/resolute-pgdg 4.6-1.pgdg26.04+1 amd64
  PostgreSQL Global Temporary Tables

postgresql-19-pgtt-dbgsym/resolute-pgdg 4.6-1.pgdg26.04+1 amd64
  debug symbols for postgresql-19-pgtt

postgresql-19-pgvector/resolute-pgdg 0.8.6-1.pgdg26.04+1 amd64
  Open-source vector similarity search for Postgres

postgresql-19-pgvector-dbgsym/resolute-pgdg 0.8.6-1.pgdg26.04+1 amd64
  debug symbols for postgresql-19-pgvector

postgresql-19-plpgsql-check/resolute-pgdg 2.10.4-1.pgdg26.04+1 amd64
  plpgsql_check extension for PostgreSQL

postgresql-19-plpgsql-check-dbgsym/resolute-pgdg 2.10.4-1.pgdg26.04+1 amd64
  debug symbols for postgresql-19-plpgsql-check

postgresql-19-plproxy/resolute-pgdg 2.12.0-1.pgdg26.04+1 amd64
  database partitioning system for PostgreSQL 19

postgresql-19-plproxy-dbgsym/resolute-pgdg 2.12.0-1.pgdg26.04+1 amd64
  debug symbols for postgresql-19-plproxy

postgresql-19-plr/resolute-pgdg 1:8.4.8.6-1.pgdg26.04+1 amd64
  Procedural language interface between PostgreSQL and R

postgresql-19-plr-dbgsym/resolute-pgdg 1:8.4.8.6-1.pgdg26.04+1 amd64
  debug symbols for postgresql-19-plr

postgresql-19-plsh/resolute-pgdg 1.20220917-4.pgdg26.04+1 amd64
  PL/sh procedural language for PostgreSQL 19

postgresql-19-plsh-dbgsym/resolute-pgdg 1.20220917-4.pgdg26.04+1 amd64
  debug symbols for postgresql-19-plsh

postgresql-19-postgis-3/resolute-pgdg 3.6.4+dfsg-2.pgdg26.04+1 amd64
  Geographic objects support for PostgreSQL 19

postgresql-19-postgis-3-dbgsym/resolute-pgdg 3.6.4+dfsg-2.pgdg26.04+1 amd64
  debug symbols for postgresql-19-postgis-3

postgresql-19-postgis-3-scripts/resolute-pgdg 3.6.4+dfsg-2.pgdg26.04+1 all
  Geographic objects support for PostgreSQL 19 -- SQL scripts

postgresql-19-powa/resolute-pgdg 5.2.0-1.pgdg26.04+1 amd64
  PostgreSQL Workload Analyzer -- PostgreSQL 19 extension

postgresql-19-powa-dbgsym/resolute-pgdg 5.2.0-1.pgdg26.04+1 amd64
  debug symbols for postgresql-19-powa

postgresql-19-prefix/resolute-pgdg 1.2.11-1.pgdg26.04+1 amd64
  Prefix Range module for PostgreSQL

postgresql-19-prefix-dbgsym/resolute-pgdg 1.2.11-1.pgdg26.04+1 amd64
  debug symbols for postgresql-19-prefix

postgresql-19-preprepare/resolute-pgdg 0.9-10.pgdg26.04+1 amd64
  pre prepare your PostgreSQL statements server side

postgresql-19-preprepare-dbgsym/resolute-pgdg 0.9-10.pgdg26.04+1 amd64
  debug symbols for postgresql-19-preprepare

postgresql-19-q3c/resolute-pgdg 2.0.5-1.pgdg26.04+1 amd64
  PostgreSQL 19 extension used for indexing the sky

postgresql-19-q3c-dbgsym/resolute-pgdg 2.0.5-1.pgdg26.04+1 amd64
  debug symbols for postgresql-19-q3c

postgresql-19-rational/resolute-pgdg 0.0.3-1.pgdg26.04+1 amd64
  Precise fractional arithmetic for PostgreSQL

postgresql-19-rational-dbgsym/resolute-pgdg 0.0.3-1.pgdg26.04+1 amd64
  debug symbols for postgresql-19-rational

postgresql-19-repack/resolute-pgdg 1.5.3-1.pgdg26.04+1 amd64
  reorganize tables in PostgreSQL databases with minimal locks

postgresql-19-repack-dbgsym/resolute-pgdg 1.5.3-1.pgdg26.04+1 amd64
  debug symbols for postgresql-19-repack

postgresql-19-roaringbitmap/resolute-pgdg 1.2.0-1.pgdg26.04+1 amd64
  RoaringBitmap extension for PostgreSQL

postgresql-19-roaringbitmap-dbgsym/resolute-pgdg 1.2.0-1.pgdg26.04+1 amd64
  debug symbols for postgresql-19-roaringbitmap

postgresql-19-semver/resolute-pgdg 0.41.0-1.pgdg26.04+1 amd64
  Semantic version number type for PostgreSQL

postgresql-19-semver-dbgsym/resolute-pgdg 0.41.0-1.pgdg26.04+1 amd64
  debug symbols for postgresql-19-semver

postgresql-19-set-user/resolute-pgdg 4.2.0-1.pgdg26.04+1 amd64
  PostgreSQL privilege escalation with enhanced logging and control

postgresql-19-set-user-dbgsym/resolute-pgdg 4.2.0-1.pgdg26.04+1 amd64
  debug symbols for postgresql-19-set-user

postgresql-19-show-plans/resolute-pgdg 2.1.8-1.pgdg26.04+1 amd64
  Show query plans of currently running PostgreSQL statements

postgresql-19-show-plans-dbgsym/resolute-pgdg 2.1.8-1.pgdg26.04+1 amd64
  debug symbols for postgresql-19-show-plans

postgresql-19-snakeoil/resolute-pgdg 1.4-4.pgdg26.04+1 amd64
  PostgreSQL anti-virus scanner based on ClamAV

postgresql-19-snakeoil-dbgsym/resolute-pgdg 1.4-4.pgdg26.04+1 amd64
  debug symbols for postgresql-19-snakeoil

postgresql-19-squeeze/resolute-pgdg 1.9.4-2.pgdg26.04+1 amd64
  PostgreSQL extension for automatic bloat cleanup

postgresql-19-squeeze-dbgsym/resolute-pgdg 1.9.4-2.pgdg26.04+1 amd64
  debug symbols for postgresql-19-squeeze

postgresql-19-stat-log/resolute-pgdg 0.1-2.pgdg26.04+1 amd64
  track PostgreSQL log messages

postgresql-19-stat-log-dbgsym/resolute-pgdg 0.1-2.pgdg26.04+1 amd64
  debug symbols for postgresql-19-stat-log

postgresql-19-statviz/resolute-pgdg 1.1-1.pgdg26.04+1 all
  PostgreSQL internal statistics analysis and visualization

postgresql-19-tablelog/resolute-pgdg 0.6.4-4.pgdg26.04+1 amd64
  log changes on tables and restore tables to point in time

postgresql-19-tablelog-dbgsym/resolute-pgdg 0.6.4-4.pgdg26.04+1 amd64
  debug symbols for postgresql-19-tablelog

postgresql-19-tdigest/resolute-pgdg 1.4.4-1.pgdg26.04+1 amd64
  t-digest algorithm for on-line accumulation of rank-based statistics

postgresql-19-tdigest-dbgsym/resolute-pgdg 1.4.4-1.pgdg26.04+1 amd64
  debug symbols for postgresql-19-tdigest

postgresql-19-timestamp9/resolute-pgdg 1.4.0-2.pgdg26.04+1 amd64
  Nanosecond precision timestamp type for PostgreSQL

postgresql-19-timestamp9-dbgsym/resolute-pgdg 1.4.0-2.pgdg26.04+1 amd64
  debug symbols for postgresql-19-timestamp9

postgresql-19-toastinfo/resolute-pgdg 1.7-1.pgdg26.04+1 amd64
  Show storage structure of varlena datatypes in PostgreSQL

postgresql-19-toastinfo-dbgsym/resolute-pgdg 1.7-1.pgdg26.04+1 amd64
  debug symbols for postgresql-19-toastinfo

postgresql-19-unit/resolute-pgdg 7.10-2.pgdg26.04+1 amd64
  SI Units for PostgreSQL

postgresql-19-unit-dbgsym/resolute-pgdg 7.10-2.pgdg26.04+1 amd64
  debug symbols for postgresql-19-unit

laborant@ubuntu-01:~$ 

laborant@ubuntu-01:~$ sudo apt info postgresql-19
Package: postgresql-19
Version: 19~beta3-1.pgdg26.04+1
Status: install ok unpacked
Priority: optional
Section: 19/database
Maintainer: Debian PostgreSQL Maintainers <team+postgresql@tracker.debian.org>
Installed-Size: 37.9 MB
Provides: postgresql-contrib-19
Depends: locales | locales-all, postgresql-client-19 (= 19~beta3-1.pgdg26.04+1), postgresql-common (>= 275~), ssl-cert, tzdata, debconf (>= 0.5) | debcon>
Recommends: postgresql-19-jit, sysstat
Breaks: dbconfig-common (<< 2.0.22~)
Homepage: http://www.postgresql.org/
Postgresql-Catversion: 202607272-1902
Download-Size: unknown
APT-Manual-Installed: yes
APT-Sources: /var/lib/dpkg/status
Description: The World's Most Advanced Open Source Relational Database
 PostgreSQL, also known as Postgres, is a free and open-source relational
 database management system (RDBMS) emphasizing extensibility and SQL
 compliance. It features transactions with Atomicity, Consistency, Isolation,
 Durability (ACID) properties, automatically updatable views, materialized
 views, triggers, foreign keys, and stored procedures. It is designed to handle
 a range of workloads, from single machines to data warehouses or Web services
 with many concurrent users.
 .
 This package provides the database server for PostgreSQL 19.

laborant@ubuntu-01:~$ sudo apt install postgresql-19
postgresql-19 is already the newest version (19~beta3-1.pgdg26.04+1).
You might want to run 'apt --fix-broken install' to correct these.
Unsatisfied dependencies:
 postgresql-19 : Depends: postgresql-client-19 (= 19~beta3-1.pgdg26.04+1) but it is not installable
                 Depends: libicu78 (>= 78.1-1~) but it is not going to be installed
                 Depends: libnuma1 (>= 2.0.11) but it is not going to be installed
                 Depends: libpq5 (>= 17~~) but it is not going to be installed
                 Depends: liburing2 (>= 2.5) but it is not going to be installed
                 Depends: libxslt1.1 (>= 1.1.25) but it is not going to be installed
                 Recommends: postgresql-19-jit but it is not installable
                 Recommends: sysstat but it is not going to be installed
Error: Unmet dependencies. Try 'apt --fix-broken install' with no packages (or specify a solution).
laborant@ubuntu-01:~$ sudo apt --fix-broken install postgresql-19
postgresql-19 is already the newest version (19~beta3-1.pgdg26.04+1).
You might want to run 'apt --fix-broken install' to correct these.
Unsatisfied dependencies:
 postgresql-19 : Depends: postgresql-client-19 (= 19~beta3-1.pgdg26.04+1) but it is not installable
                 Depends: libicu78 (>= 78.1-1~) but it is not going to be installed
                 Depends: libnuma1 (>= 2.0.11) but it is not going to be installed
                 Depends: libpq5 (>= 17~~) but it is not going to be installed
                 Depends: liburing2 (>= 2.5) but it is not going to be installed
                 Depends: libxslt1.1 (>= 1.1.25) but it is not going to be installed
                 Recommends: postgresql-19-jit but it is not installable
                 Recommends: sysstat but it is not going to be installed
Error: Unmet dependencies. Try 'apt --fix-broken install' with no packages (or specify a solution).
laborant@ubuntu-01:~$ 
laborant@ubuntu-01:~$ sudo apt remove postgresql-19
REMOVING:                       
  postgresql-19

Summary:
  Upgrading: 0, Installing: 0, Removing: 1, Not Upgrading: 13
  1 not fully installed or removed.
  Freed space: 37.9 MB

Continue? [Y/n] y
(Reading database ... 40569 files and directories currently installed.)
Removing postgresql-19 (19~beta3-1.pgdg26.04+1) ...
Processing triggers for postgresql-common (290ubuntu1) ...
debconf: unable to initialize frontend: Dialog
debconf: (No usable dialog-like program is installed, so the dialog based frontend cannot be used. at /usr/share/perl5/Debconf/FrontEnd/Dialog.pm line 79.)
debconf: falling back to frontend: Readline
Building PostgreSQL dictionaries from installed myspell/hunspell packages...
Removing obsolete dictionary files:
laborant@ubuntu-01:~$ sudo apt info postgresql-19
Package: postgresql-19
State: not a real package (virtual)
Notice: Can't select candidate version from package postgresql-19 as it has no candidate
Notice: There is 1 additional record. Please use the '-a' switch to see it
Notice: No packages found
laborant@ubuntu-01:~$ 

laborant@ubuntu-01:~$ sudo vi /etc/apt/sources.list.d/pgdg.sources 
laborant@ubuntu-01:~$ sudo apt update
Hit:1 https://apt.postgresql.org/pub/repos/apt resolute-pgdg InRelease
Get:2 https://apt.postgresql.org/pub/repos/apt resolute-pgdg/19 amd64 Packages [30.1 kB]
Hit:3 http://security.ubuntu.com/ubuntu resolute-security InRelease                                                 
Hit:4 http://archive.ubuntu.com/ubuntu resolute InRelease                               
Hit:5 http://archive.ubuntu.com/ubuntu resolute-updates InRelease
Hit:6 http://archive.ubuntu.com/ubuntu resolute-backports InRelease
Fetched 30.1 kB in 1s (21.5 kB/s)
11 packages can be upgraded. Run 'apt list --upgradable' to see them.
laborant@ubuntu-01:~$ sudo apt info postgresql-19
Package: postgresql-19
Version: 19~beta3-1.pgdg26.04+1
Priority: optional
Section: 19/database
Maintainer: Debian PostgreSQL Maintainers <team+postgresql@tracker.debian.org>
Installed-Size: 37.9 MB
Provides: postgresql-contrib-19
Depends: locales | locales-all, postgresql-client-19 (= 19~beta3-1.pgdg26.04+1), postgresql-common (>= 275~), ssl-cert, tzdata, debconf (>= 0.5) | debcon>
Recommends: postgresql-19-jit, sysstat
Breaks: dbconfig-common (<< 2.0.22~)
Homepage: http://www.postgresql.org/
Postgresql-Catversion: 202607272-1902
Download-Size: 8033 kB
APT-Sources: https://apt.postgresql.org/pub/repos/apt resolute-pgdg/19 amd64 Packages
Description: The World's Most Advanced Open Source Relational Database
 PostgreSQL, also known as Postgres, is a free and open-source relational
 database management system (RDBMS) emphasizing extensibility and SQL
 compliance. It features transactions with Atomicity, Consistency, Isolation,
 Durability (ACID) properties, automatically updatable views, materialized
 views, triggers, foreign keys, and stored procedures. It is designed to handle
 a range of workloads, from single machines to data warehouses or Web services
 with many concurrent users.
 .
 This package provides the database server for PostgreSQL 19.

Notice: There are 2 additional records. Please use the '-a' switch to see them.
laborant@ubuntu-01:~$ sudo apt info -a postgresql-19
Package: postgresql-19
Version: 19~beta3-1.pgdg26.04+1
Priority: optional
Section: 19/database
Maintainer: Debian PostgreSQL Maintainers <team+postgresql@tracker.debian.org>
Installed-Size: 37.9 MB
Provides: postgresql-contrib-19
Depends: locales | locales-all, postgresql-client-19 (= 19~beta3-1.pgdg26.04+1), postgresql-common (>= 275~), ssl-cert, tzdata, debconf (>= 0.5) | debcon>
Recommends: postgresql-19-jit, sysstat
Breaks: dbconfig-common (<< 2.0.22~)
Homepage: http://www.postgresql.org/
Postgresql-Catversion: 202607272-1902
Download-Size: 8033 kB
APT-Sources: https://apt.postgresql.org/pub/repos/apt resolute-pgdg/19 amd64 Packages
Description: The World's Most Advanced Open Source Relational Database
 PostgreSQL, also known as Postgres, is a free and open-source relational
 database management system (RDBMS) emphasizing extensibility and SQL
 compliance. It features transactions with Atomicity, Consistency, Isolation,
 Durability (ACID) properties, automatically updatable views, materialized
 views, triggers, foreign keys, and stored procedures. It is designed to handle
 a range of workloads, from single machines to data warehouses or Web services
 with many concurrent users.
 .
 This package provides the database server for PostgreSQL 19.

Package: postgresql-19
Version: 19~beta2-1.pgdg26.04+1
Priority: optional
Section: 19/database
Maintainer: Debian PostgreSQL Maintainers <team+postgresql@tracker.debian.org>
Installed-Size: 37.8 MB
Provides: postgresql-contrib-19
Depends: locales | locales-all, postgresql-client-19 (= 19~beta2-1.pgdg26.04+1), postgresql-common (>= 275~), ssl-cert, tzdata, debconf (>= 0.5) | debcon>
Recommends: postgresql-19-jit, sysstat
Breaks: dbconfig-common (<< 2.0.22~)
Homepage: http://www.postgresql.org/
Postgresql-Catversion: 202607071-1902
Download-Size: 8005 kB
APT-Sources: https://apt.postgresql.org/pub/repos/apt resolute-pgdg/19 amd64 Packages
Description: The World's Most Advanced Open Source Relational Database
 PostgreSQL, also known as Postgres, is a free and open-source relational
 database management system (RDBMS) emphasizing extensibility and SQL
 compliance. It features transactions with Atomicity, Consistency, Isolation,
 Durability (ACID) properties, automatically updatable views, materialized
 views, triggers, foreign keys, and stored procedures. It is designed to handle
 a range of workloads, from single machines to data warehouses or Web services
 with many concurrent users.
 .
 This package provides the database server for PostgreSQL 19.

Package: postgresql-19
Version: 19~beta1-1.pgdg26.04+1
Priority: optional
Section: 19/database
Maintainer: Debian PostgreSQL Maintainers <team+postgresql@tracker.debian.org>
Installed-Size: 37.7 MB
Provides: postgresql-contrib-19
Depends: locales | locales-all, postgresql-client-19 (= 19~beta1-1.pgdg26.04+1), postgresql-common (>= 275~), ssl-cert, tzdata, debconf (>= 0.5) | debcon>
Recommends: postgresql-19-jit, sysstat
Breaks: dbconfig-common (<< 2.0.22~)
Homepage: http://www.postgresql.org/
Postgresql-Catversion: 202605131-1902
Download-Size: 7995 kB
APT-Sources: https://apt.postgresql.org/pub/repos/apt resolute-pgdg/19 amd64 Packages
Description: The World's Most Advanced Open Source Relational Database
 PostgreSQL, also known as Postgres, is a free and open-source relational
 database management system (RDBMS) emphasizing extensibility and SQL
 compliance. It features transactions with Atomicity, Consistency, Isolation,
 Durability (ACID) properties, automatically updatable views, materialized
 views, triggers, foreign keys, and stored procedures. It is designed to handle
 a range of workloads, from single machines to data warehouses or Web services
 with many concurrent users.
 .
 This package provides the database server for PostgreSQL 19.

laborant@ubuntu-01:~$ 

laborant@ubuntu-01:~$ sudo apt info postgresql-19
Package: postgresql-19
Version: 19~beta3-1.pgdg26.04+1
Priority: optional
Section: 19/database
Maintainer: Debian PostgreSQL Maintainers <team+postgresql@tracker.debian.org>
Installed-Size: 37.9 MB
Provides: postgresql-contrib-19
Depends: locales | locales-all, postgresql-client-19 (= 19~beta3-1.pgdg26.04+1), postgresql-common (>= 275~), ssl-cert, tzdata, debconf (>= 0.5) | debcon>
Recommends: postgresql-19-jit, sysstat
Breaks: dbconfig-common (<< 2.0.22~)
Homepage: http://www.postgresql.org/
Postgresql-Catversion: 202607272-1902
Download-Size: 8033 kB
APT-Sources: https://apt.postgresql.org/pub/repos/apt resolute-pgdg/19 amd64 Packages
Description: The World's Most Advanced Open Source Relational Database
 PostgreSQL, also known as Postgres, is a free and open-source relational
 database management system (RDBMS) emphasizing extensibility and SQL
 compliance. It features transactions with Atomicity, Consistency, Isolation,
 Durability (ACID) properties, automatically updatable views, materialized
 views, triggers, foreign keys, and stored procedures. It is designed to handle
 a range of workloads, from single machines to data warehouses or Web services
 with many concurrent users.
 .
 This package provides the database server for PostgreSQL 19.

Notice: There are 2 additional records. Please use the '-a' switch to see them.
laborant@ubuntu-01:~$ sudo apt install postgresql-19
Installing:                     
  postgresql-19

Installing dependencies:
  libicu78  libllvm21  libnuma1  libpq5  libsensors-config  libsensors5  liburing2  libxslt1.1  postgresql-19-jit  postgresql-client-19  sysstat

Suggested packages:
  libpq-oauth  lm-sensors  postgresql-doc-19  isag

Summary:
  Upgrading: 0, Installing: 12, Removing: 0, Not Upgrading: 11
  Download size: 63.9 MB
  Space needed: 256 MB / 78.0 GB available

Continue? [Y/n] y
Get:1 http://archive.ubuntu.com/ubuntu resolute/main amd64 libnuma1 amd64 2.0.19-1build1 [23.7 kB]
Get:2 https://apt.postgresql.org/pub/repos/apt resolute-pgdg/19 amd64 libpq5 amd64 19~beta3-1.pgdg26.04+1 [262 kB]
Get:3 https://apt.postgresql.org/pub/repos/apt resolute-pgdg/19 amd64 postgresql-client-19 amd64 19~beta3-1.pgdg26.04+1 [2193 kB]
Get:4 https://apt.postgresql.org/pub/repos/apt resolute-pgdg/19 amd64 postgresql-19 amd64 19~beta3-1.pgdg26.04+1 [8033 kB]
Get:5 http://archive.ubuntu.com/ubuntu resolute/main amd64 libsensors-config all 1:3.6.2-2build1 [6862 B]
Get:6 http://archive.ubuntu.com/ubuntu resolute/main amd64 libsensors5 amd64 1:3.6.2-2build1 [28.9 kB]
Get:7 http://archive.ubuntu.com/ubuntu resolute/main amd64 sysstat amd64 12.7.7-0ubuntu2 [517 kB]
Get:8 https://apt.postgresql.org/pub/repos/apt resolute-pgdg/19 amd64 postgresql-19-jit amd64 19~beta3-1.pgdg26.04+1 [10.5 MB]
Get:9 http://archive.ubuntu.com/ubuntu resolute/main amd64 libicu78 amd64 78.2-2ubuntu1 [11.5 MB]
Get:10 http://archive.ubuntu.com/ubuntu resolute/main amd64 libllvm21 amd64 1:21.1.8-6ubuntu1 [30.7 MB]
Get:11 http://archive.ubuntu.com/ubuntu resolute/main amd64 liburing2 amd64 2.14-1 [25.4 kB]                                                             
Get:12 http://archive.ubuntu.com/ubuntu resolute/main amd64 libxslt1.1 amd64 1.1.45-0.1 [165 kB]                                                         
Fetched 63.9 MB in 7s (9739 kB/s)                                                                                                                        
debconf: unable to initialize frontend: Dialog
debconf: (No usable dialog-like program is installed, so the dialog based frontend cannot be used. at /usr/share/perl5/Debconf/FrontEnd/Dialog.pm line 79, <STDIN> line 12.)
debconf: falling back to frontend: Readline
Preconfiguring packages ...
Selecting previously unselected package libnuma1:amd64.
(Reading database ... 39928 files and directories currently installed.)
Preparing to unpack .../00-libnuma1_2.0.19-1build1_amd64.deb ...
Unpacking libnuma1:amd64 (2.0.19-1build1) ...
Selecting previously unselected package libsensors-config.
Preparing to unpack .../01-libsensors-config_1%3a3.6.2-2build1_all.deb ...
Unpacking libsensors-config (1:3.6.2-2build1) ...
Selecting previously unselected package libsensors5:amd64.
Preparing to unpack .../02-libsensors5_1%3a3.6.2-2build1_amd64.deb ...
Unpacking libsensors5:amd64 (1:3.6.2-2build1) ...
Selecting previously unselected package sysstat.
Preparing to unpack .../03-sysstat_12.7.7-0ubuntu2_amd64.deb ...
Unpacking sysstat (12.7.7-0ubuntu2) ...
Selecting previously unselected package libicu78:amd64.
Preparing to unpack .../04-libicu78_78.2-2ubuntu1_amd64.deb ...
Unpacking libicu78:amd64 (78.2-2ubuntu1) ...
Selecting previously unselected package libllvm21:amd64.
Preparing to unpack .../05-libllvm21_1%3a21.1.8-6ubuntu1_amd64.deb ...
Unpacking libllvm21:amd64 (1:21.1.8-6ubuntu1) ...
Selecting previously unselected package libpq5:amd64.
Preparing to unpack .../06-libpq5_19~beta3-1.pgdg26.04+1_amd64.deb ...
Unpacking libpq5:amd64 (19~beta3-1.pgdg26.04+1) ...
Selecting previously unselected package liburing2:amd64.
Preparing to unpack .../07-liburing2_2.14-1_amd64.deb ...
Unpacking liburing2:amd64 (2.14-1) ...
Selecting previously unselected package libxslt1.1:amd64.
Preparing to unpack .../08-libxslt1.1_1.1.45-0.1_amd64.deb ...
Unpacking libxslt1.1:amd64 (1.1.45-0.1) ...
Selecting previously unselected package postgresql-client-19.
Preparing to unpack .../09-postgresql-client-19_19~beta3-1.pgdg26.04+1_amd64.deb ...
Unpacking postgresql-client-19 (19~beta3-1.pgdg26.04+1) ...
Selecting previously unselected package postgresql-19.
Preparing to unpack .../10-postgresql-19_19~beta3-1.pgdg26.04+1_amd64.deb ...
Unpacking postgresql-19 (19~beta3-1.pgdg26.04+1) ...
Selecting previously unselected package postgresql-19-jit.
Preparing to unpack .../11-postgresql-19-jit_19~beta3-1.pgdg26.04+1_amd64.deb ...
Unpacking postgresql-19-jit (19~beta3-1.pgdg26.04+1) ...
Setting up libsensors-config (1:3.6.2-2build1) ...
Setting up libpq5:amd64 (19~beta3-1.pgdg26.04+1) ...
Setting up libicu78:amd64 (78.2-2ubuntu1) ...
Setting up libllvm21:amd64 (1:21.1.8-6ubuntu1) ...
Setting up libsensors5:amd64 (1:3.6.2-2build1) ...
Setting up libnuma1:amd64 (2.0.19-1build1) ...
Setting up libxslt1.1:amd64 (1.1.45-0.1) ...
Setting up liburing2:amd64 (2.14-1) ...
Setting up sysstat (12.7.7-0ubuntu2) ...
debconf: unable to initialize frontend: Dialog
debconf: (No usable dialog-like program is installed, so the dialog based frontend cannot be used. at /usr/share/perl5/Debconf/FrontEnd/Dialog.pm line 79.)
debconf: falling back to frontend: Readline
Creating config file /etc/default/sysstat with new version
update-alternatives: using /usr/bin/sar.sysstat to provide /usr/bin/sar (sar) in auto mode
Created symlink '/etc/systemd/system/sysstat.service.wants/sysstat-collect.timer' → '/usr/lib/systemd/system/sysstat-collect.timer'.
Created symlink '/etc/systemd/system/sysstat.service.wants/sysstat-rotate.timer' → '/usr/lib/systemd/system/sysstat-rotate.timer'.
Created symlink '/etc/systemd/system/sysstat.service.wants/sysstat-summary.timer' → '/usr/lib/systemd/system/sysstat-summary.timer'.
Created symlink '/etc/systemd/system/multi-user.target.wants/sysstat.service' → '/usr/lib/systemd/system/sysstat.service'.
Setting up postgresql-client-19 (19~beta3-1.pgdg26.04+1) ...
update-alternatives: using /usr/share/postgresql/19/man/man1/psql.1.gz to provide /usr/share/man/man1/psql.1.gz (psql.1.gz) in auto mode
Setting up postgresql-19 (19~beta3-1.pgdg26.04+1) ...
debconf: unable to initialize frontend: Dialog
debconf: (No usable dialog-like program is installed, so the dialog based frontend cannot be used. at /usr/share/perl5/Debconf/FrontEnd/Dialog.pm line 79.)
debconf: falling back to frontend: Readline
Creating new PostgreSQL cluster 19/main ...
/usr/lib/postgresql/19/bin/initdb -D /var/lib/postgresql/19/main --auth-local peer --auth-host scram-sha-256 --no-instructions
The files belonging to this database system will be owned by user "postgres".
This user must also own the server process.

The database cluster will be initialized with locale "C.UTF-8".
The default database encoding has accordingly been set to "UTF8".
The default text search configuration will be set to "english".

Data page checksums are enabled.

fixing permissions on existing directory /var/lib/postgresql/19/main ... ok
creating subdirectories ... ok
selecting dynamic shared memory implementation ... posix
selecting default "max_connections" ... 100
selecting default "shared_buffers" ... 128MB
selecting default time zone ... Etc/UTC
creating configuration files ... ok
running bootstrap script ... ok
performing post-bootstrap initialization ... ok
syncing data to disk ... ok
invoke-rc.d: policy-rc.d denied execution of start.
Setting up postgresql-19-jit (19~beta3-1.pgdg26.04+1) ...
Processing triggers for libc-bin (2.43-2ubuntu2.3) ...
Processing triggers for man-db (2.13.1-1build1) ...
Processing triggers for postgresql-common (290ubuntu1) ...
debconf: unable to initialize frontend: Dialog
debconf: (No usable dialog-like program is installed, so the dialog based frontend cannot be used. at /usr/share/perl5/Debconf/FrontEnd/Dialog.pm line 79.)
debconf: falling back to frontend: Readline
Building PostgreSQL dictionaries from installed myspell/hunspell packages...
Removing obsolete dictionary files:
laborant@ubuntu-01:~$ pg_c
pg_config         pg_conftool       pg_createcluster  pg_ctlcluster     
laborant@ubuntu-01:~$ 

laborant@ubuntu-01:~$ psql
psql: error: connection to server on socket "/var/run/postgresql/.s.PGSQL.5432" failed: No such file or directory
        Is the server running locally and accepting connections on that socket?
laborant@ubuntu-01:~$ psql --version
psql (PostgreSQL) 19beta3 (Ubuntu 19~beta3-1.pgdg26.04+1)
laborant@ubuntu-01:~$ systemctl status po
postgresql.service          postgresql@19-main.service  poweroff.target             
laborant@ubuntu-01:~$ systemctl status po
postgresql.service          postgresql@19-main.service  poweroff.target             
laborant@ubuntu-01:~$ systemctl status postgresql.service 
○ postgresql.service - PostgreSQL RDBMS
     Loaded: loaded (/usr/lib/systemd/system/postgresql.service; enabled; preset: enabled)
     Active: inactive (dead)
laborant@ubuntu-01:~$ cat /usr/lib/systemd/system/postgresql.service
# postgresql.service is the meta unit for managing all PostgreSQL clusters on
# the system at once. Conceptually, this unit is more like a systemd target,
# but we are using a service since targets cannot be reloaded.
#
# The unit actually managing PostgreSQL clusters is postgresql@.service,
# instantiated as postgresql@15-main.service for individual clusters.

[Unit]
Description=PostgreSQL RDBMS

[Service]
Type=oneshot
ExecStart=/bin/true
ExecReload=/bin/true
RemainAfterExit=on

[Install]
WantedBy=multi-user.target
laborant@ubuntu-01:~$ systemctl status postgresql@19-main.service 
○ postgresql@19-main.service - PostgreSQL Cluster 19-main
     Loaded: loaded (/usr/lib/systemd/system/postgresql@.service; enabled-runtime; preset: enabled)
     Active: inactive (dead)
laborant@ubuntu-01:~$ cat /usr/lib/systemd/system/postgresql@.service 
# systemd service template for PostgreSQL clusters. The actual instances will
# be called "postgresql@version-cluster", e.g. "postgresql@9.3-main". The
# variable %i expands to "version-cluster", %I expands to "version/cluster".
# (%I breaks for cluster names containing dashes.)

[Unit]
Description=PostgreSQL Cluster %i
AssertPathExists=/etc/postgresql/%I/postgresql.conf
RequiresMountsFor=/etc/postgresql/%I /var/lib/postgresql/%I
PartOf=postgresql.service
ReloadPropagatedFrom=postgresql.service
Before=postgresql.service
# stop server before networking goes down on shutdown
After=network.target

[Service]
Type=forking
# -: ignore startup failure (recovery might take arbitrarily long)
# the actual pg_ctl timeout is configured in pg_ctl.conf
ExecStart=-/usr/bin/pg_ctlcluster --skip-systemctl-redirect %i start
TimeoutStartSec=infinity
ExecStop=/usr/bin/pg_ctlcluster --skip-systemctl-redirect -m fast %i stop
TimeoutStopSec=1h
ExecReload=/usr/bin/pg_ctlcluster --skip-systemctl-redirect %i reload
PIDFile=/run/postgresql/%i.pid
SyslogIdentifier=postgresql@%i
# prevent OOM killer from choosing the postmaster (individual backends will
# reset the score to 0)
OOMScoreAdjust=-900
# restarting automatically will prevent "pg_ctlcluster ... stop" from working,
# so we disable it here. Also, the postmaster will restart by itself on most
# problems anyway, so it is questionable if one wants to enable external
# automatic restarts.
#Restart=on-failure
# (This should make pg_ctlcluster stop work, but doesn't:)
#RestartPreventExitStatus=SIGINT SIGTERM

[Install]
WantedBy=multi-user.target
laborant@ubuntu-01:~$ 

laborant@ubuntu-01:~$ systemctl status postgresql.service 
○ postgresql.service - PostgreSQL RDBMS
     Loaded: loaded (/usr/lib/systemd/system/postgresql.service; enabled; preset: enabled)
     Active: inactive (dead)
laborant@ubuntu-01:~$ systemctl start postgresql.service 
Failed to start postgresql.service: Access denied
See system logs and 'systemctl status postgresql.service' for details.
laborant@ubuntu-01:~$ sudo systemctl start postgresql.service 
laborant@ubuntu-01:~$ sudo systemctl status postgresql.service 
● postgresql.service - PostgreSQL RDBMS
     Loaded: loaded (/usr/lib/systemd/system/postgresql.service; enabled; preset: enabled)
     Active: active (exited) since Fri 2026-08-14 01:02:08 UTC; 3s ago
 Invocation: be910b5ac12f4b12a69bf0a249ff084c
    Process: 5124 ExecStart=/bin/true (code=exited, status=0/SUCCESS)
   Main PID: 5124 (code=exited, status=0/SUCCESS)
   Mem peak: 1.7M
        CPU: 4ms

Aug 14 01:02:08 ubuntu-01 systemd[1]: Starting postgresql.service - PostgreSQL RDBMS...
Aug 14 01:02:08 ubuntu-01 systemd[1]: Finished postgresql.service - PostgreSQL RDBMS.
laborant@ubuntu-01:~$ psql
psql: error: connection to server on socket "/var/run/postgresql/.s.PGSQL.5432" failed: FATAL:  role "laborant" does not exist
laborant@ubuntu-01:~$ psql -U postgres 
psql: error: connection to server on socket "/var/run/postgresql/.s.PGSQL.5432" failed: FATAL:  Peer authentication failed for user "postgres"
laborant@ubuntu-01:~$ sudo su postgres 
postgres@ubuntu-01:/home/laborant$ psql
psql (19beta3 (Ubuntu 19~beta3-1.pgdg26.04+1))
Type "help" for help.

postgres=# select * from pg_settings = 'server_version';
ERROR:  syntax error at or near "="
LINE 1: select * from pg_settings = 'server_version';
                                  ^
postgres=# select * from pg_settings where name = 'server_version';
postgres=# \x
Expanded display is on.
postgres=# select * from pg_settings where name = 'server_version';
-[ RECORD 1 ]---+----------------------------------------
name            | server_version
setting         | 19beta3 (Ubuntu 19~beta3-1.pgdg26.04+1)
unit            | 
category        | Preset Options
short_desc      | Shows the server version.
extra_desc      | 
context         | internal
vartype         | string
source          | default
min_val         | 
max_val         | 
enumvals        | 
boot_val        | 19beta3 (Ubuntu 19~beta3-1.pgdg26.04+1)
reset_val       | 19beta3 (Ubuntu 19~beta3-1.pgdg26.04+1)
sourcefile      | 
sourceline      | 
pending_restart | f

postgres=# 
\q
postgres@ubuntu-01:/home/laborant$ pg_
pg_archivecleanup  pg_config          pg_ctlcluster      pg_dumpall         pg_receivewal      pg_renamecluster   pg_updatedicts     
pg_backupcluster   pg_conftool        pg_dropcluster     pg_isready         pg_receivexlog     pg_restore         pg_upgradecluster  
pg_basebackup      pg_createcluster   pg_dump            pg_lsclusters      pg_recvlogical     pg_restorecluster  pg_virtualenv      
postgres@ubuntu-01:/home/laborant$ pg_
pg_archivecleanup  pg_config          pg_ctlcluster      pg_dumpall         pg_receivewal      pg_renamecluster   pg_updatedicts     
pg_backupcluster   pg_conftool        pg_dropcluster     pg_isready         pg_receivexlog     pg_restore         pg_upgradecluster  
pg_basebackup      pg_createcluster   pg_dump            pg_lsclusters      pg_recvlogical     pg_restorecluster  pg_virtualenv      
postgres@ubuntu-01:/home/laborant$ pg_c
pg_config         pg_conftool       pg_createcluster  pg_ctlcluster     
postgres@ubuntu-01:/home/laborant$ pg_c
pg_config         pg_conftool       pg_createcluster  pg_ctlcluster     
postgres@ubuntu-01:/home/laborant$ 

laborant@ubuntu-01:~$ systemctl status po
postgresql.service          postgresql@19-main.service  poweroff.target             
laborant@ubuntu-01:~$ systemctl status postgresql.service 
● postgresql.service - PostgreSQL RDBMS
     Loaded: loaded (/usr/lib/systemd/system/postgresql.service; enabled; preset: enabled)
     Active: active (exited) since Fri 2026-08-14 01:02:08 UTC; 1min 56s ago
 Invocation: be910b5ac12f4b12a69bf0a249ff084c
    Process: 5124 ExecStart=/bin/true (code=exited, status=0/SUCCESS)
   Main PID: 5124 (code=exited, status=0/SUCCESS)
   Mem peak: 1.7M
        CPU: 4ms
laborant@ubuntu-01:~$ systemctl status postgresql@19-main.service 
● postgresql@19-main.service - PostgreSQL Cluster 19-main
     Loaded: loaded (/usr/lib/systemd/system/postgresql@.service; enabled-runtime; preset: enabled)
     Active: active (running) since Fri 2026-08-14 01:02:08 UTC; 2min 0s ago
 Invocation: 60ab84bf6849449ab5cdb0cd4e5924a4
    Process: 5099 ExecStart=/usr/bin/pg_ctlcluster --skip-systemctl-redirect 19-main start (code=exited, status=0/SUCCESS)
   Main PID: 5104 (postgres)
      Tasks: 8 (limit: 12019)
     Memory: 30.6M (peak: 36.3M)
        CPU: 164ms
     CGroup: /system.slice/system-postgresql.slice/postgresql@19-main.service
             ├─5104 /usr/lib/postgresql/19/bin/postgres -D /var/lib/postgresql/19/main -c config_file=/etc/postgresql/19/main/postgresql.conf
             ├─5105 "postgres: 19/main: io worker 0"
             ├─5106 "postgres: 19/main: io worker 1"
             ├─5107 "postgres: 19/main: checkpointer "
             ├─5108 "postgres: 19/main: background writer "
             ├─5110 "postgres: 19/main: walwriter "
             ├─5111 "postgres: 19/main: autovacuum launcher "
             └─5112 "postgres: 19/main: logical replication launcher "
laborant@ubuntu-01:~$ cat /usr/lib/systemd/system/postgresql.service
# postgresql.service is the meta unit for managing all PostgreSQL clusters on
# the system at once. Conceptually, this unit is more like a systemd target,
# but we are using a service since targets cannot be reloaded.
#
# The unit actually managing PostgreSQL clusters is postgresql@.service,
# instantiated as postgresql@15-main.service for individual clusters.

[Unit]
Description=PostgreSQL RDBMS

[Service]
Type=oneshot
ExecStart=/bin/true
ExecReload=/bin/true
RemainAfterExit=on

[Install]
WantedBy=multi-user.target
laborant@ubuntu-01:~$ 
laborant@ubuntu-01:~$ systemctl status postgresql@19-main.service 
● postgresql@19-main.service - PostgreSQL Cluster 19-main
     Loaded: loaded (/usr/lib/systemd/system/postgresql@.service; enabled-runtime; preset: enabled)
     Active: active (running) since Fri 2026-08-14 01:02:08 UTC; 9min ago
 Invocation: 60ab84bf6849449ab5cdb0cd4e5924a4
    Process: 5099 ExecStart=/usr/bin/pg_ctlcluster --skip-systemctl-redirect 19-main start (code=exited, status=0/SUCCESS)
   Main PID: 5104 (postgres)
      Tasks: 8 (limit: 12019)
     Memory: 30.9M (peak: 36.3M)
        CPU: 243ms
     CGroup: /system.slice/system-postgresql.slice/postgresql@19-main.service
             ├─5104 /usr/lib/postgresql/19/bin/postgres -D /var/lib/postgresql/19/main -c config_file=/etc/postgresql/19/main/postgresql.conf
             ├─5105 "postgres: 19/main: io worker 0"
             ├─5106 "postgres: 19/main: io worker 1"
             ├─5107 "postgres: 19/main: checkpointer "
             ├─5108 "postgres: 19/main: background writer "
             ├─5110 "postgres: 19/main: walwriter "
             ├─5111 "postgres: 19/main: autovacuum launcher "
             └─5112 "postgres: 19/main: logical replication launcher "
laborant@ubuntu-01:~$ systemctl status postgresql.service 
● postgresql.service - PostgreSQL RDBMS
     Loaded: loaded (/usr/lib/systemd/system/postgresql.service; enabled; preset: enabled)
     Active: active (exited) since Fri 2026-08-14 01:02:08 UTC; 9min ago
 Invocation: be910b5ac12f4b12a69bf0a249ff084c
    Process: 5124 ExecStart=/bin/true (code=exited, status=0/SUCCESS)
   Main PID: 5124 (code=exited, status=0/SUCCESS)
   Mem peak: 1.7M
        CPU: 4ms
laborant@ubuntu-01:~$ ls /usr/lib/postgresql/19/bin/
clusterdb   dropuser    pg_archivecleanup  pg_config            pg_dump        pg_recvlogical  pg_test_fsync    pg_waldump     psql
createdb    initdb      pg_basebackup      pg_controldata       pg_dumpall     pg_resetwal     pg_test_timing   pg_walsummary  reindexdb
createuser  oid2name    pg_checksums       pg_createsubscriber  pg_isready     pg_restore      pg_upgrade       pgbench        vacuumdb
dropdb      pg_amcheck  pg_combinebackup   pg_ctl               pg_receivewal  pg_rewind       pg_verifybackup  postgres       vacuumlo
laborant@ubuntu-01:~$ 
laborant@ubuntu-01:~$ ls /usr/lib/postgresql/19/
bin  lib
laborant@ubuntu-01:~$ ls /usr/lib/postgresql/19/lib/
_int.so                 cube.so              hstore.so              pg_buffercache.so      pgcrypto.so      sslinfo.so            utf8_and_euc_kr.so
amcheck.so              cyrillic.so          insert_username.so     pg_freespacemap.so     pgoutput.so      tablefunc.so          utf8_and_euc_tw.so
auth_delay.so           dblink.so            isn.so                 pg_logicalinspect.so   pgrepack.so      tcn.so                utf8_and_gb18030.so
auto_explain.so         dict_int.so          latin2_and_win1250.so  pg_overexplain.so      pgrowlocks.so    test_decoding.so      utf8_and_gbk.so
autoinc.so              dict_snowball.so     libpqwalreceiver.so    pg_plan_advice.so      pgstattuple.so   tsm_system_rows.so    utf8_and_iso8859.so
basebackup_to_shell.so  dict_xsyn.so         llvmjit.so             pg_prewarm.so          pgxml.so         tsm_system_time.so    utf8_and_iso8859_1.so
basic_archive.so        earthdistance.so     llvmjit_types.bc       pg_stash_advice.so     pgxs             unaccent.so           utf8_and_johab.so
bitcode                 euc2004_sjis2004.so  lo.so                  pg_stat_statements.so  plpgsql.so       utf8_and_big5.so      utf8_and_sjis.so
bloom.so                euc_jp_and_sjis.so   ltree.so               pg_surgery.so          postgres_fdw.so  utf8_and_cyrillic.so  utf8_and_sjis2004.so
btree_gin.so            euc_tw_and_big5.so   moddatetime.so         pg_trgm.so             refint.so        utf8_and_euc2004.so   utf8_and_uhc.so
btree_gist.so           file_fdw.so          pageinspect.so         pg_visibility.so       seg.so           utf8_and_euc_cn.so    utf8_and_win.so
citext.so               fuzzystrmatch.so     passwordcheck.so       pg_walinspect.so       sepgsql.so       utf8_and_euc_jp.so    uuid-ossp.so
laborant@ubuntu-01:~$ ls /etc/
Display all 143 possibilities? (y or n)
laborant@ubuntu-01:~$ ls /etc/postgresql
postgresql/        postgresql-common/ 
laborant@ubuntu-01:~$ ls /etc/postgresql
19
laborant@ubuntu-01:~$ ls /etc/postgresql/19/
main
laborant@ubuntu-01:~$ ls /etc/postgresql/19/main/
conf.d  environment  pg_ctl.conf  pg_hba.conf  pg_ident.conf  postgresql.conf  start.conf
laborant@ubuntu-01:~$ ls /etc/postgresql/19/main/environment 
/etc/postgresql/19/main/environment
laborant@ubuntu-01:~$ file /etc/postgresql/19/main/environment 
/etc/postgresql/19/main/environment: ASCII text
laborant@ubuntu-01:~$ cat /etc/postgresql/19/main/environment 
# environment variables for postgres processes
# This file has the same syntax as postgresql.conf:
#  VARIABLE = simple_value
#  VARIABLE2 = 'any value!'
# I. e. you need to enclose any value which does not only consist of letters,
# numbers, and '-', '_', '.' in single quotes. Shell commands are not
# evaluated.
laborant@ubuntu-01:~$ ls /etc/postgresql/19/main/
conf.d  environment  pg_ctl.conf  pg_hba.conf  pg_ident.conf  postgresql.conf  start.conf
laborant@ubuntu-01:~$ ls /etc/postgresql-common/
createcluster.conf  pg_upgradecluster.d  root.crt  user_clusters
laborant@ubuntu-01:~$ ls /etc/postgresql-common/pg_upgradecluster.d/
analyze
laborant@ubuntu-01:~$ ls /etc/postgresql-common/pg_upgradecluster.d/analyze 
/etc/postgresql-common/pg_upgradecluster.d/analyze
laborant@ubuntu-01:~$ file /etc/postgresql-common/pg_upgradecluster.d/analyze 
/etc/postgresql-common/pg_upgradecluster.d/analyze: POSIX shell script, ASCII text executable
laborant@ubuntu-01:~$ 
laborant@ubuntu-01:~$ cat /etc/apt/sources.list.d/pgdg.sources
Types: deb
URIs: https://apt.postgresql.org/pub/repos/apt
Suites: resolute-pgdg
Components: 19
Architectures: amd64
Signed-By: /usr/share/postgresql-common/pgdg/apt.postgresql.org.gpg
laborant@ubuntu-01:~$ vi /etc/apt/sources.list.d/pgdg.sources
laborant@ubuntu-01:~$ sudo vi /etc/apt/sources.list.d/pgdg.sources
laborant@ubuntu-01:~$ sudo apt update
Hit:1 https://apt.postgresql.org/pub/repos/apt resolute-pgdg InRelease
Get:2 https://apt.postgresql.org/pub/repos/apt resolute-pgdg/main amd64 Packages [1091 kB]
Hit:3 http://archive.ubuntu.com/ubuntu resolute InRelease                 
Hit:4 http://security.ubuntu.com/ubuntu resolute-security InRelease
Hit:5 http://archive.ubuntu.com/ubuntu resolute-updates InRelease
Hit:6 http://archive.ubuntu.com/ubuntu resolute-backports InRelease
Fetched 1091 kB in 1s (1479 kB/s)
13 packages can be upgraded. Run 'apt list --upgradable' to see them.
laborant@ubuntu-01:~$ sudo apt install postgresql-19
postgresql-19 is already the newest version (19~beta3-1.pgdg26.04+1).
Summary:                    
  Upgrading: 0, Installing: 0, Removing: 0, Not Upgrading: 13
laborant@ubuntu-01:~$ sudo vi /etc/apt/sources.list.d/pgdg.sources
laborant@ubuntu-01:~$ sudo apt update
Hit:1 https://apt.postgresql.org/pub/repos/apt resolute-pgdg InRelease
Hit:2 http://security.ubuntu.com/ubuntu resolute-security InRelease                                      
Hit:3 http://archive.ubuntu.com/ubuntu resolute InRelease                                                
Hit:4 http://archive.ubuntu.com/ubuntu resolute-updates InRelease
Hit:5 http://archive.ubuntu.com/ubuntu resolute-backports InRelease
11 packages can be upgraded. Run 'apt list --upgradable' to see them.
laborant@ubuntu-01:~$ sudo vi /etc/apt/sources.list.d/pgdg.sources
laborant@ubuntu-01:~$ sudo apt update
Hit:1 https://apt.postgresql.org/pub/repos/apt resolute-pgdg InRelease
Get:2 https://apt.postgresql.org/pub/repos/apt resolute-pgdg/main amd64 Packages [1091 kB]
Hit:3 http://archive.ubuntu.com/ubuntu resolute InRelease                                              
Hit:4 http://security.ubuntu.com/ubuntu resolute-security InRelease
Hit:5 http://archive.ubuntu.com/ubuntu resolute-updates InRelease
Hit:6 http://archive.ubuntu.com/ubuntu resolute-backports InRelease
Fetched 1091 kB in 1s (1397 kB/s)
13 packages can be upgraded. Run 'apt list --upgradable' to see them.
laborant@ubuntu-01:~$ sudo apt install postgresql-19
postgresql-19 is already the newest version (19~beta3-1.pgdg26.04+1).
Summary:                    
  Upgrading: 0, Installing: 0, Removing: 0, Not Upgrading: 13
laborant@ubuntu-01:~$ sudo apt install postgresql-20
Error: Unable to locate package postgresql-20
laborant@ubuntu-01:~$ sudo apt info postgresql-20
Notice: Unable to locate package postgresql-20
Notice: Unable to locate package postgresql-20
Error: No packages found
laborant@ubuntu-01:~$ 
Welcome to iximiuz Labs' Ubuntu 26.04 Playground! 🚀

This is a refined Ubuntu VM, curated with tools for efficient learning and
hands-on experimenting:

- vim, fzf, ripgrep: Command-line file editing and searching.
- fx, jq, yq: Powerful JSON and YAML viewers and processors.
- curl, socat, websocat: A comprehensive networking toolkit.
- arkade: An efficient installer for additional tools you might require.

Additional services at your disposal:

* Port publishing: Showcase your app with its own public URL.
* Terminal sharing: Collaborate seamlessly by sharing your terminal session.
* registry.iximiuz.com: A private hub to push and pull container images.

Playground VMs are ephemeral and short-lived — terminating a VM purges
all data, including images in the private registry. Please, do not use
playgrounds for processing critical or sensitive information.


laborant@ubuntu-01:~$ sudo apt update
Hit:1 http://archive.ubuntu.com/ubuntu resolute InRelease
Get:2 http://archive.ubuntu.com/ubuntu resolute-updates InRelease [137 kB] 
Get:3 http://security.ubuntu.com/ubuntu resolute-security InRelease [137 kB]         
Hit:4 http://archive.ubuntu.com/ubuntu resolute-backports InRelease                  
Get:5 http://archive.ubuntu.com/ubuntu resolute-updates/restricted amd64 Packages [422 kB]
Get:6 http://archive.ubuntu.com/ubuntu resolute-updates/main amd64 Packages [565 kB]
Get:7 http://security.ubuntu.com/ubuntu resolute-security/main amd64 Packages [471 kB]
Get:8 http://archive.ubuntu.com/ubuntu resolute-updates/universe amd64 Packages [297 kB]
Get:9 http://security.ubuntu.com/ubuntu resolute-security/restricted amd64 Packages [400 kB]
Get:10 http://security.ubuntu.com/ubuntu resolute-security/universe amd64 Packages [190 kB]
Fetched 2621 kB in 3s (830 kB/s)                         
11 packages can be upgraded. Run 'apt list --upgradable' to see them.
laborant@ubuntu-01:~$ sudo apt install -y postgresql-common
Installing:                     
  postgresql-common

Installing dependencies:
  libcommon-sense-perl  libjson-perl  libjson-xs-perl  libpopt0  libtypes-serialiser-perl  logrotate  postgresql-client-common  ssl-cert

Suggested packages:
  bsd-mailx  | mailx

Summary:
  Upgrading: 0, Installing: 9, Removing: 0, Not Upgrading: 11
  Download size: 451 kB
  Space needed: 1396 kB / 78.1 GB available

Get:1 http://archive.ubuntu.com/ubuntu resolute/main amd64 libjson-perl all 4.10000-1 [81.9 kB]
Get:2 http://archive.ubuntu.com/ubuntu resolute/main amd64 postgresql-client-common all 290ubuntu1 [49.4 kB]
Get:3 http://archive.ubuntu.com/ubuntu resolute/main amd64 ssl-cert all 1.1.3ubuntu2 [18.8 kB]
Get:4 http://archive.ubuntu.com/ubuntu resolute/main amd64 postgresql-common all 290ubuntu1 [101 kB]
Get:5 http://archive.ubuntu.com/ubuntu resolute/main amd64 libpopt0 amd64 1.19+dfsg-2build1 [29.4 kB]
Get:6 http://archive.ubuntu.com/ubuntu resolute/main amd64 logrotate amd64 3.22.0-1build1 [53.7 kB]
Get:7 http://archive.ubuntu.com/ubuntu resolute/main amd64 libcommon-sense-perl amd64 3.75-3build5 [20.5 kB]
Get:8 http://archive.ubuntu.com/ubuntu resolute/main amd64 libtypes-serialiser-perl all 1.01-1 [11.6 kB]
Get:9 http://archive.ubuntu.com/ubuntu resolute/main amd64 libjson-xs-perl amd64 4.040-1 [84.4 kB]
Fetched 451 kB in 2s (297 kB/s)          
debconf: unable to initialize frontend: Dialog
debconf: (No usable dialog-like program is installed, so the dialog based frontend cannot be used. at /usr/share/perl5/Debconf/FrontEnd/Dialog.pm line 79, <STDIN> line 9.)
debconf: falling back to frontend: Readline
Preconfiguring packages ...
Selecting previously unselected package libjson-perl.
(Reading database ... 39338 files and directories currently installed.)
Preparing to unpack .../0-libjson-perl_4.10000-1_all.deb ...
Unpacking libjson-perl (4.10000-1) ...
Selecting previously unselected package postgresql-client-common.
Preparing to unpack .../1-postgresql-client-common_290ubuntu1_all.deb ...
Unpacking postgresql-client-common (290ubuntu1) ...
Selecting previously unselected package ssl-cert.
Preparing to unpack .../2-ssl-cert_1.1.3ubuntu2_all.deb ...
Unpacking ssl-cert (1.1.3ubuntu2) ...
Selecting previously unselected package postgresql-common.
Preparing to unpack .../3-postgresql-common_290ubuntu1_all.deb ...
Adding 'diversion of /usr/bin/pg_config to /usr/bin/pg_config.libpq-dev by postgresql-common'
Unpacking postgresql-common (290ubuntu1) ...
Selecting previously unselected package libpopt0:amd64.
Preparing to unpack .../4-libpopt0_1.19+dfsg-2build1_amd64.deb ...
Unpacking libpopt0:amd64 (1.19+dfsg-2build1) ...
Selecting previously unselected package logrotate.
Preparing to unpack .../5-logrotate_3.22.0-1build1_amd64.deb ...
Unpacking logrotate (3.22.0-1build1) ...
Selecting previously unselected package libcommon-sense-perl:amd64.
Preparing to unpack .../6-libcommon-sense-perl_3.75-3build5_amd64.deb ...
Unpacking libcommon-sense-perl:amd64 (3.75-3build5) ...
Selecting previously unselected package libtypes-serialiser-perl.
Preparing to unpack .../7-libtypes-serialiser-perl_1.01-1_all.deb ...
Unpacking libtypes-serialiser-perl (1.01-1) ...
Selecting previously unselected package libjson-xs-perl.
Preparing to unpack .../8-libjson-xs-perl_4.040-1_amd64.deb ...
Unpacking libjson-xs-perl (4.040-1) ...
Setting up postgresql-client-common (290ubuntu1) ...
Setting up libcommon-sense-perl:amd64 (3.75-3build5) ...
Setting up ssl-cert (1.1.3ubuntu2) ...
debconf: unable to initialize frontend: Dialog
debconf: (No usable dialog-like program is installed, so the dialog based frontend cannot be used. at /usr/share/perl5/Debconf/FrontEnd/Dialog.pm line 79.)
debconf: falling back to frontend: Readline
Created symlink '/etc/systemd/system/multi-user.target.wants/ssl-cert.service' → '/usr/lib/systemd/system/ssl-cert.service'.
/usr/sbin/policy-rc.d returned 101, not running 'start ssl-cert.service'
Setting up libtypes-serialiser-perl (1.01-1) ...
Setting up libjson-perl (4.10000-1) ...
Setting up libpopt0:amd64 (1.19+dfsg-2build1) ...
Setting up logrotate (3.22.0-1build1) ...
Created symlink '/etc/systemd/system/timers.target.wants/logrotate.timer' → '/usr/lib/systemd/system/logrotate.timer'.
/usr/sbin/policy-rc.d returned 101, not running 'start logrotate.service logrotate.timer'
Setting up libjson-xs-perl (4.040-1) ...
Setting up postgresql-common (290ubuntu1) ...
debconf: unable to initialize frontend: Dialog
debconf: (No usable dialog-like program is installed, so the dialog based frontend cannot be used. at /usr/share/perl5/Debconf/FrontEnd/Dialog.pm line 79.)
debconf: falling back to frontend: Readline
Creating config file /etc/postgresql-common/createcluster.conf with new version
Building PostgreSQL dictionaries from installed myspell/hunspell packages...
Removing obsolete dictionary files:
invoke-rc.d: policy-rc.d denied execution of start.
Created symlink '/etc/systemd/system/multi-user.target.wants/postgresql.service' → '/usr/lib/systemd/system/postgresql.service'.
/usr/sbin/policy-rc.d returned 101, not running 'start postgresql.service'
Processing triggers for man-db (2.13.1-1build1) ...
Processing triggers for libc-bin (2.43-2ubuntu2.3) ...
laborant@ubuntu-01:~$ sudo /usr/share/postgresql-common/pgdg/apt.postgresql.org.sh
This script will enable the PostgreSQL APT repository on apt.postgresql.org on
your system. The distribution codename used will be resolute-pgdg.

Press Enter to continue, or Ctrl-C to abort.

Using keyring /usr/share/postgresql-common/pgdg/apt.postgresql.org.gpg
Writing /etc/apt/sources.list.d/pgdg.sources ...

Running apt-get update ...
Hit:1 http://security.ubuntu.com/ubuntu resolute-security InRelease
Hit:2 http://archive.ubuntu.com/ubuntu resolute InRelease
Hit:3 http://archive.ubuntu.com/ubuntu resolute-updates InRelease
Get:4 https://apt.postgresql.org/pub/repos/apt resolute-pgdg InRelease [189 kB]
Get:5 https://apt.postgresql.org/pub/repos/apt resolute-pgdg/main amd64 Packages [1091 kB]
Hit:6 http://archive.ubuntu.com/ubuntu resolute-backports InRelease
Fetched 1280 kB in 1s (1614 kB/s)              
Reading package lists... Done

You can now start installing packages from apt.postgresql.org.

Have a look at https://wiki.postgresql.org/wiki/Apt for more information;
most notably the FAQ at https://wiki.postgresql.org/wiki/Apt/FAQ
laborant@ubuntu-01:~$ sudo /usr/share/postgresql-common/pgdg/apt.postgresql.org.sh
This script will enable the PostgreSQL APT repository on apt.postgresql.org on
your system. The distribution codename used will be resolute-pgdg.

Press Enter to continue, or Ctrl-C to abort.^C
laborant@ubuntu-01:~$ less /usr/share/postgresql-common/pgdg/apt.postgresql.org.sh
laborant@ubuntu-01:~$ sudo /usr/share/postgresql-common/pgdg/apt.postgresql.org.sh y
This script will enable the PostgreSQL APT repository on apt.postgresql.org on
your system. The distribution codename used will be y-pgdg.

Press Enter to continue, or Ctrl-C to abort.^C
laborant@ubuntu-01:~$ sudo /usr/share/postgresql-common/pgdg/apt.postgresql.org.sh -y
This script will enable the PostgreSQL APT repository on apt.postgresql.org on
your system. The distribution codename used will be resolute-pgdg.

Using keyring /usr/share/postgresql-common/pgdg/apt.postgresql.org.gpg
Writing /etc/apt/sources.list.d/pgdg.sources ...

Running apt-get update ...
Hit:1 https://apt.postgresql.org/pub/repos/apt resolute-pgdg InRelease
Hit:2 http://archive.ubuntu.com/ubuntu resolute InRelease                                              
Hit:3 http://security.ubuntu.com/ubuntu resolute-security InRelease                                    
Hit:4 http://archive.ubuntu.com/ubuntu resolute-updates InRelease
Hit:5 http://archive.ubuntu.com/ubuntu resolute-backports InRelease
Reading package lists... Done

You can now start installing packages from apt.postgresql.org.

Have a look at https://wiki.postgresql.org/wiki/Apt for more information;
most notably the FAQ at https://wiki.postgresql.org/wiki/Apt/FAQ
laborant@ubuntu-01:~$ cat /etc/apt/sources.list.d/pgdg.sources
Types: deb
URIs: https://apt.postgresql.org/pub/repos/apt
Suites: resolute-pgdg
Components: main
Architectures: amd64
Signed-By: /usr/share/postgresql-common/pgdg/apt.postgresql.org.gpg
laborant@ubuntu-01:~$ vi /etc/apt/sources.list.d/pgdg.sources
laborant@ubuntu-01:~$ sudo vi /etc/apt/sources.list.d/pgdg.sources
laborant@ubuntu-01:~$ apt info postgresql-18
Package: postgresql-18
Version: 18.4-0ubuntu0.26.04.1
Priority: optional
Section: database
Origin: Ubuntu
Maintainer: Ubuntu Developers <ubuntu-devel-discuss@lists.ubuntu.com>
Original-Maintainer: Debian PostgreSQL Maintainers <team+postgresql@tracker.debian.org>
Bugs: https://bugs.launchpad.net/ubuntu/+filebug
Installed-Size: 21.4 MB
Provides: postgresql-contrib-18
Depends: locales | locales-all, postgresql-client-18 (= 18.4-0ubuntu0.26.04.1), postgresql-common (>= 275~), ssl-cert, tzdata, debconf (>= 0.5) | debconf>
Recommends: postgresql-18-jit, sysstat
Breaks: dbconfig-common (<< 2.0.22~)
Homepage: http://www.postgresql.org/
Task: postgresql-server
Postgresql-Catversion: 202506291-1800
Download-Size: 5989 kB
APT-Sources: http://archive.ubuntu.com/ubuntu resolute-updates/main amd64 Packages
Description: The World's Most Advanced Open Source Relational Database

Notice: There is 1 additional record. Please use the '-a' switch to see it
laborant@ubuntu-01:~$ apt info -a postgresql-18
Package: postgresql-18
Version: 18.4-0ubuntu0.26.04.1
Priority: optional
Section: database
Origin: Ubuntu
Maintainer: Ubuntu Developers <ubuntu-devel-discuss@lists.ubuntu.com>
Original-Maintainer: Debian PostgreSQL Maintainers <team+postgresql@tracker.debian.org>
Bugs: https://bugs.launchpad.net/ubuntu/+filebug
Installed-Size: 21.4 MB
Provides: postgresql-contrib-18
Depends: locales | locales-all, postgresql-client-18 (= 18.4-0ubuntu0.26.04.1), postgresql-common (>= 275~), ssl-cert, tzdata, debconf (>= 0.5) | debconf>
Recommends: postgresql-18-jit, sysstat
Breaks: dbconfig-common (<< 2.0.22~)
Homepage: http://www.postgresql.org/
Task: postgresql-server
Postgresql-Catversion: 202506291-1800
Download-Size: 5989 kB
APT-Sources: http://archive.ubuntu.com/ubuntu resolute-updates/main amd64 Packages
Description: The World's Most Advanced Open Source Relational Database

Package: postgresql-18
Version: 18.3-1
Priority: optional
Section: database
Origin: Ubuntu
Maintainer: Ubuntu Developers <ubuntu-devel-discuss@lists.ubuntu.com>
Original-Maintainer: Debian PostgreSQL Maintainers <team+postgresql@tracker.debian.org>
Bugs: https://bugs.launchpad.net/ubuntu/+filebug
Installed-Size: 21.4 MB
Provides: postgresql-contrib-18
Depends: locales | locales-all, postgresql-client-18 (= 18.3-1), postgresql-common (>= 275~), ssl-cert, tzdata, debconf (>= 0.5) | debconf-2.0, libc6 (>=>
Recommends: postgresql-18-jit, sysstat
Breaks: dbconfig-common (<< 2.0.22~)
Homepage: http://www.postgresql.org/
Task: postgresql-server
Postgresql-Catversion: 202506291-1800
Download-Size: 5979 kB
APT-Sources: http://archive.ubuntu.com/ubuntu resolute/main amd64 Packages
Description: The World's Most Advanced Open Source Relational Database

laborant@ubuntu-01:~$ apt info -a postgresql-19
Notice: Unable to locate package postgresql-19
Error: No packages found
laborant@ubuntu-01:~$ apt update
Error: Could not open lock file /var/lib/apt/lists/lock - open (13: Permission denied)
Error: Unable to lock directory /var/lib/apt/lists/
laborant@ubuntu-01:~$ sudo apt update
Hit:1 https://apt.postgresql.org/pub/repos/apt resolute-pgdg InRelease
Get:2 https://apt.postgresql.org/pub/repos/apt resolute-pgdg/19 amd64 Packages [30.1 kB]
Hit:3 http://archive.ubuntu.com/ubuntu resolute InRelease                                              
Hit:4 http://security.ubuntu.com/ubuntu resolute-security InRelease        
Hit:5 http://archive.ubuntu.com/ubuntu resolute-updates InRelease
Hit:6 http://archive.ubuntu.com/ubuntu resolute-backports InRelease
Fetched 30.1 kB in 1s (38.7 kB/s)
11 packages can be upgraded. Run 'apt list --upgradable' to see them.
laborant@ubuntu-01:~$ apt info -a postgresql-18
Package: postgresql-18
Version: 18.4-0ubuntu0.26.04.1
Priority: optional
Section: database
Origin: Ubuntu
Maintainer: Ubuntu Developers <ubuntu-devel-discuss@lists.ubuntu.com>
Original-Maintainer: Debian PostgreSQL Maintainers <team+postgresql@tracker.debian.org>
Bugs: https://bugs.launchpad.net/ubuntu/+filebug
Installed-Size: 21.4 MB
Provides: postgresql-contrib-18
Depends: locales | locales-all, postgresql-client-18 (= 18.4-0ubuntu0.26.04.1), postgresql-common (>= 275~), ssl-cert, tzdata, debconf (>= 0.5) | debconf>
Recommends: postgresql-18-jit, sysstat
Breaks: dbconfig-common (<< 2.0.22~)
Homepage: http://www.postgresql.org/
Task: postgresql-server
Postgresql-Catversion: 202506291-1800
Download-Size: 5989 kB
APT-Sources: http://archive.ubuntu.com/ubuntu resolute-updates/main amd64 Packages
Description: The World's Most Advanced Open Source Relational Database

Package: postgresql-18
Version: 18.3-1
Priority: optional
Section: database
Origin: Ubuntu
Maintainer: Ubuntu Developers <ubuntu-devel-discuss@lists.ubuntu.com>
Original-Maintainer: Debian PostgreSQL Maintainers <team+postgresql@tracker.debian.org>
Bugs: https://bugs.launchpad.net/ubuntu/+filebug
Installed-Size: 21.4 MB
Provides: postgresql-contrib-18
Depends: locales | locales-all, postgresql-client-18 (= 18.3-1), postgresql-common (>= 275~), ssl-cert, tzdata, debconf (>= 0.5) | debconf-2.0, libc6 (>=>
Recommends: postgresql-18-jit, sysstat
Breaks: dbconfig-common (<< 2.0.22~)
Homepage: http://www.postgresql.org/
Task: postgresql-server
Postgresql-Catversion: 202506291-1800
laborant@ubuntu-01:~$ apt info -a postgresql-19
Package: postgresql-19
Version: 19~beta3-1.pgdg26.04+1
Priority: optional
Section: 19/database
Maintainer: Debian PostgreSQL Maintainers <team+postgresql@tracker.debian.org>
Installed-Size: 37.9 MB
Provides: postgresql-contrib-19
Depends: locales | locales-all, postgresql-client-19 (= 19~beta3-1.pgdg26.04+1), postgresql-common (>= 275~), ssl-cert, tzdata, debconf (>= 0.5) | debcon>
Recommends: postgresql-19-jit, sysstat
Breaks: dbconfig-common (<< 2.0.22~)
Homepage: http://www.postgresql.org/
Postgresql-Catversion: 202607272-1902
Download-Size: 8033 kB
APT-Sources: https://apt.postgresql.org/pub/repos/apt resolute-pgdg/19 amd64 Packages
Description: The World's Most Advanced Open Source Relational Database
 PostgreSQL, also known as Postgres, is a free and open-source relational
 database management system (RDBMS) emphasizing extensibility and SQL
 compliance. It features transactions with Atomicity, Consistency, Isolation,
 Durability (ACID) properties, automatically updatable views, materialized
 views, triggers, foreign keys, and stored procedures. It is designed to handle
 a range of workloads, from single machines to data warehouses or Web services
 with many concurrent users.
 .
 This package provides the database server for PostgreSQL 19.

Package: postgresql-19
Version: 19~beta2-1.pgdg26.04+1
Priority: optional
Section: 19/database
Maintainer: Debian PostgreSQL Maintainers <team+postgresql@tracker.debian.org>
Installed-Size: 37.8 MB
Provides: postgresql-contrib-19
Depends: locales | locales-all, postgresql-client-19 (= 19~beta2-1.pgdg26.04+1), postgresql-common (>= 275~), ssl-cert, tzdata, debconf (>= 0.5) | debcon>
Recommends: postgresql-19-jit, sysstat
Breaks: dbconfig-common (<< 2.0.22~)
Homepage: http://www.postgresql.org/
laborant@ubuntu-01:~$ 
Welcome to iximiuz Labs' Ubuntu 26.04 Playground! 🚀

This is a refined Ubuntu VM, curated with tools for efficient learning and
hands-on experimenting:

- vim, fzf, ripgrep: Command-line file editing and searching.
- fx, jq, yq: Powerful JSON and YAML viewers and processors.
- curl, socat, websocat: A comprehensive networking toolkit.
- arkade: An efficient installer for additional tools you might require.

Additional services at your disposal:

* Port publishing: Showcase your app with its own public URL.
* Terminal sharing: Collaborate seamlessly by sharing your terminal session.
* registry.iximiuz.com: A private hub to push and pull container images.

Playground VMs are ephemeral and short-lived — terminating a VM purges
all data, including images in the private registry. Please, do not use
playgrounds for processing critical or sensitive information.


laborant@ubuntu-01:~$ sudo apt update
sudo apt install -y postgresql-common
sudo /usr/share/postgresql-common/pgdg/apt.postgresql.org.sh -y
Hit:1 http://archive.ubuntu.com/ubuntu resolute InRelease
Get:2 http://security.ubuntu.com/ubuntu resolute-security InRelease [137 kB]
Get:3 http://archive.ubuntu.com/ubuntu resolute-updates InRelease [137 kB]
Hit:4 http://archive.ubuntu.com/ubuntu resolute-backports InRelease 
Get:5 http://archive.ubuntu.com/ubuntu resolute-updates/main amd64 Packages [565 kB]
Get:6 http://security.ubuntu.com/ubuntu resolute-security/restricted amd64 Packages [400 kB]
Get:7 http://archive.ubuntu.com/ubuntu resolute-updates/universe amd64 Packages [297 kB]
Get:8 http://archive.ubuntu.com/ubuntu resolute-updates/restricted amd64 Packages [422 kB]
Get:9 http://security.ubuntu.com/ubuntu resolute-security/universe amd64 Packages [190 kB]
Get:10 http://security.ubuntu.com/ubuntu resolute-security/main amd64 Packages [471 kB]
Fetched 2621 kB in 3s (937 kB/s)                         
11 packages can be upgraded. Run 'apt list --upgradable' to see them.
Installing:                     
  postgresql-common

Installing dependencies:
  libcommon-sense-perl  libjson-perl  libjson-xs-perl  libpopt0  libtypes-serialiser-perl  logrotate  postgresql-client-common  ssl-cert

Suggested packages:
  bsd-mailx  | mailx

Summary:
  Upgrading: 0, Installing: 9, Removing: 0, Not Upgrading: 11
  Download size: 451 kB
  Space needed: 1396 kB / 78.1 GB available

Get:1 http://archive.ubuntu.com/ubuntu resolute/main amd64 libjson-perl all 4.10000-1 [81.9 kB]
Get:2 http://archive.ubuntu.com/ubuntu resolute/main amd64 postgresql-client-common all 290ubuntu1 [49.4 kB]
Get:3 http://archive.ubuntu.com/ubuntu resolute/main amd64 ssl-cert all 1.1.3ubuntu2 [18.8 kB]
Get:4 http://archive.ubuntu.com/ubuntu resolute/main amd64 postgresql-common all 290ubuntu1 [101 kB]
Get:5 http://archive.ubuntu.com/ubuntu resolute/main amd64 libpopt0 amd64 1.19+dfsg-2build1 [29.4 kB]
Get:6 http://archive.ubuntu.com/ubuntu resolute/main amd64 logrotate amd64 3.22.0-1build1 [53.7 kB]
Get:7 http://archive.ubuntu.com/ubuntu resolute/main amd64 libcommon-sense-perl amd64 3.75-3build5 [20.5 kB]
Get:8 http://archive.ubuntu.com/ubuntu resolute/main amd64 libtypes-serialiser-perl all 1.01-1 [11.6 kB]
Get:9 http://archive.ubuntu.com/ubuntu resolute/main amd64 libjson-xs-perl amd64 4.040-1 [84.4 kB]
Fetched 451 kB in 2s (281 kB/s)          
debconf: unable to initialize frontend: Dialog
debconf: (No usable dialog-like program is installed, so the dialog based frontend cannot be used. at /usr/share/perl5/Debconf/FrontEnd/Dialog.pm line 79, <STDIN> line 9.)
debconf: falling back to frontend: Readline
Preconfiguring packages ...
Selecting previously unselected package libjson-perl.
(Reading database ... 39338 files and directories currently installed.)
Preparing to unpack .../0-libjson-perl_4.10000-1_all.deb ...
Unpacking libjson-perl (4.10000-1) ...
Selecting previously unselected package postgresql-client-common.
Preparing to unpack .../1-postgresql-client-common_290ubuntu1_all.deb ...
Unpacking postgresql-client-common (290ubuntu1) ...
Selecting previously unselected package ssl-cert.
Preparing to unpack .../2-ssl-cert_1.1.3ubuntu2_all.deb ...
Unpacking ssl-cert (1.1.3ubuntu2) ...
Selecting previously unselected package postgresql-common.
Preparing to unpack .../3-postgresql-common_290ubuntu1_all.deb ...
Adding 'diversion of /usr/bin/pg_config to /usr/bin/pg_config.libpq-dev by postgresql-common'
Unpacking postgresql-common (290ubuntu1) ...
Selecting previously unselected package libpopt0:amd64.
Preparing to unpack .../4-libpopt0_1.19+dfsg-2build1_amd64.deb ...
Unpacking libpopt0:amd64 (1.19+dfsg-2build1) ...
Selecting previously unselected package logrotate.
Preparing to unpack .../5-logrotate_3.22.0-1build1_amd64.deb ...
Unpacking logrotate (3.22.0-1build1) ...
Selecting previously unselected package libcommon-sense-perl:amd64.
Preparing to unpack .../6-libcommon-sense-perl_3.75-3build5_amd64.deb ...
Unpacking libcommon-sense-perl:amd64 (3.75-3build5) ...
Selecting previously unselected package libtypes-serialiser-perl.
Preparing to unpack .../7-libtypes-serialiser-perl_1.01-1_all.deb ...
Unpacking libtypes-serialiser-perl (1.01-1) ...
Selecting previously unselected package libjson-xs-perl.
Preparing to unpack .../8-libjson-xs-perl_4.040-1_amd64.deb ...
Unpacking libjson-xs-perl (4.040-1) ...
Setting up postgresql-client-common (290ubuntu1) ...
Setting up libcommon-sense-perl:amd64 (3.75-3build5) ...
Setting up ssl-cert (1.1.3ubuntu2) ...
debconf: unable to initialize frontend: Dialog
debconf: (No usable dialog-like program is installed, so the dialog based frontend cannot be used. at /usr/share/perl5/Debconf/FrontEnd/Dialog.pm line 79.)
debconf: falling back to frontend: Readline
Created symlink '/etc/systemd/system/multi-user.target.wants/ssl-cert.service' → '/usr/lib/systemd/system/ssl-cert.service'.
/usr/sbin/policy-rc.d returned 101, not running 'start ssl-cert.service'
Setting up libtypes-serialiser-perl (1.01-1) ...
Setting up libjson-perl (4.10000-1) ...
Setting up libpopt0:amd64 (1.19+dfsg-2build1) ...
Setting up logrotate (3.22.0-1build1) ...
Created symlink '/etc/systemd/system/timers.target.wants/logrotate.timer' → '/usr/lib/systemd/system/logrotate.timer'.
/usr/sbin/policy-rc.d returned 101, not running 'start logrotate.service logrotate.timer'
Setting up libjson-xs-perl (4.040-1) ...
Setting up postgresql-common (290ubuntu1) ...
debconf: unable to initialize frontend: Dialog
debconf: (No usable dialog-like program is installed, so the dialog based frontend cannot be used. at /usr/share/perl5/Debconf/FrontEnd/Dialog.pm line 79.)
debconf: falling back to frontend: Readline
Creating config file /etc/postgresql-common/createcluster.conf with new version
Building PostgreSQL dictionaries from installed myspell/hunspell packages...
Removing obsolete dictionary files:
invoke-rc.d: policy-rc.d denied execution of start.
Created symlink '/etc/systemd/system/multi-user.target.wants/postgresql.service' → '/usr/lib/systemd/system/postgresql.service'.
/usr/sbin/policy-rc.d returned 101, not running 'start postgresql.service'
Processing triggers for man-db (2.13.1-1build1) ...
Processing triggers for libc-bin (2.43-2ubuntu2.3) ...
This script will enable the PostgreSQL APT repository on apt.postgresql.org on
your system. The distribution codename used will be resolute-pgdg.

Using keyring /usr/share/postgresql-common/pgdg/apt.postgresql.org.gpg
Writing /etc/apt/sources.list.d/pgdg.sources ...

Running apt-get update ...
Get:1 https://apt.postgresql.org/pub/repos/apt resolute-pgdg InRelease [189 kB]
Get:2 https://apt.postgresql.org/pub/repos/apt resolute-pgdg/main amd64 Packages [1091 kB]                                            
Hit:3 http://security.ubuntu.com/ubuntu resolute-security InRelease                                                                
Hit:4 http://archive.ubuntu.com/ubuntu resolute InRelease                                              
Hit:5 http://archive.ubuntu.com/ubuntu resolute-updates InRelease
Hit:6 http://archive.ubuntu.com/ubuntu resolute-backports InRelease
Fetched 1280 kB in 1s (1225 kB/s)
Reading package lists... Done

You can now start installing packages from apt.postgresql.org.

Have a look at https://wiki.postgresql.org/wiki/Apt for more information;
most notably the FAQ at https://wiki.postgresql.org/wiki/Apt/FAQ
laborant@ubuntu-01:~$ cat /etc/apt/sources.list.d/pgdg.sources
Types: deb
URIs: https://apt.postgresql.org/pub/repos/apt
Suites: resolute-pgdg
Components: main
Architectures: amd64
Signed-By: /usr/share/postgresql-common/pgdg/apt.postgresql.org.gpg
laborant@ubuntu-01:~$ sudo apt info postgresql-18
Package: postgresql-18
Version: 18.6-1.pgdg26.04+2
Priority: optional
Section: database
Maintainer: Debian PostgreSQL Maintainers <team+postgresql@tracker.debian.org>
Installed-Size: 36.7 MB
Provides: postgresql-contrib-18
Depends: locales | locales-all, postgresql-client-18 (= 18.6-1.pgdg26.04+2), postgresql-common (>= 275~), ssl-cert, tzdata, debconf (>= 0.5) | debconf-2.>
Recommends: postgresql-18-jit, sysstat
Breaks: dbconfig-common (<< 2.0.22~)
Homepage: http://www.postgresql.org/
Postgresql-Catversion: 202506291-1800
Download-Size: 7704 kB
APT-Sources: https://apt.postgresql.org/pub/repos/apt resolute-pgdg/main amd64 Packages
Description: The World's Most Advanced Open Source Relational Database
 PostgreSQL, also known as Postgres, is a free and open-source relational
 database management system (RDBMS) emphasizing extensibility and SQL
 compliance. It features transactions with Atomicity, Consistency, Isolation,
 Durability (ACID) properties, automatically updatable views, materialized
 views, triggers, foreign keys, and stored procedures. It is designed to handle
 a range of workloads, from single machines to data warehouses or Web services
 with many concurrent users.
 .
 This package provides the database server for PostgreSQL 18.

Notice: There are 4 additional records. Please use the '-a' switch to see them.
laborant@ubuntu-01:~$ sudo vi /etc/apt/sources.list.d/pgdg.sources
laborant@ubuntu-01:~$ sudo apt update
Hit:1 https://apt.postgresql.org/pub/repos/apt resolute-pgdg InRelease
Get:2 https://apt.postgresql.org/pub/repos/apt resolute-pgdg/19 amd64 Packages [30.1 kB]
Hit:3 http://security.ubuntu.com/ubuntu resolute-security InRelease                         
Hit:4 http://archive.ubuntu.com/ubuntu resolute InRelease                   
Hit:5 http://archive.ubuntu.com/ubuntu resolute-updates InRelease
Hit:6 http://archive.ubuntu.com/ubuntu resolute-backports InRelease
Fetched 30.1 kB in 1s (27.3 kB/s)
13 packages can be upgraded. Run 'apt list --upgradable' to see them.
laborant@ubuntu-01:~$ cat /etc/apt/sources.list.d/pgdg.sources
Types: deb
URIs: https://apt.postgresql.org/pub/repos/apt
Suites: resolute-pgdg
Components: main 19
Architectures: amd64
Signed-By: /usr/share/postgresql-common/pgdg/apt.postgresql.org.gpg
laborant@ubuntu-01:~$ sudo apt update \
    && sudo apt install -y postgresql-19 \
    && sudo systemctl enable postgresql
Hit:1 http://archive.ubuntu.com/ubuntu resolute InRelease                  
Hit:2 http://archive.ubuntu.com/ubuntu resolute-updates InRelease          
Hit:3 http://security.ubuntu.com/ubuntu resolute-security InRelease              
Hit:4 https://apt.postgresql.org/pub/repos/apt resolute-pgdg InRelease           
Hit:5 http://archive.ubuntu.com/ubuntu resolute-backports InRelease
13 packages can be upgraded. Run 'apt list --upgradable' to see them.
Installing:                     
  postgresql-19

Installing dependencies:
  libicu78   libnuma1  libsensors-config  liburing2   postgresql-19-jit     sysstat
  libllvm21  libpq5    libsensors5        libxslt1.1  postgresql-client-19  xz-utils

Suggested packages:
  libpq-oauth  lm-sensors  postgresql-doc-19  isag

Summary:
  Upgrading: 0, Installing: 13, Removing: 0, Not Upgrading: 13
  Download size: 64.3 MB
  Space needed: 257 MB / 78.1 GB available

Get:1 https://apt.postgresql.org/pub/repos/apt resolute-pgdg/19 amd64 libpq5 amd64 19~beta3-1.pgdg26.04+1 [262 kB]
Get:2 https://apt.postgresql.org/pub/repos/apt resolute-pgdg/19 amd64 postgresql-client-19 amd64 19~beta3-1.pgdg26.04+1 [2193 kB]
Get:3 https://apt.postgresql.org/pub/repos/apt resolute-pgdg/19 amd64 postgresql-19 amd64 19~beta3-1.pgdg26.04+1 [8033 kB]
Get:4 https://apt.postgresql.org/pub/repos/apt resolute-pgdg/19 amd64 postgresql-19-jit amd64 19~beta3-1.pgdg26.04+1 [10.5 MB]
Get:5 http://archive.ubuntu.com/ubuntu resolute/main amd64 libnuma1 amd64 2.0.19-1build1 [23.7 kB]
Get:6 http://archive.ubuntu.com/ubuntu resolute/main amd64 libsensors-config all 1:3.6.2-2build1 [6862 B]
Get:7 http://archive.ubuntu.com/ubuntu resolute/main amd64 libsensors5 amd64 1:3.6.2-2build1 [28.9 kB]
Get:8 http://archive.ubuntu.com/ubuntu resolute/main amd64 xz-utils amd64 5.8.3-1 [406 kB]
Get:9 http://archive.ubuntu.com/ubuntu resolute/main amd64 sysstat amd64 12.7.7-0ubuntu2 [517 kB]
Get:10 http://archive.ubuntu.com/ubuntu resolute/main amd64 libicu78 amd64 78.2-2ubuntu1 [11.5 MB]
Get:11 http://archive.ubuntu.com/ubuntu resolute/main amd64 libllvm21 amd64 1:21.1.8-6ubuntu1 [30.7 MB]
Get:12 http://archive.ubuntu.com/ubuntu resolute/main amd64 liburing2 amd64 2.14-1 [25.4 kB]
Get:13 http://archive.ubuntu.com/ubuntu resolute/main amd64 libxslt1.1 amd64 1.1.45-0.1 [165 kB]
Fetched 64.3 MB in 6s (11.3 MB/s)     
debconf: unable to initialize frontend: Dialog
debconf: (No usable dialog-like program is installed, so the dialog based frontend cannot be used. at /usr/share/perl5/Debconf/FrontEnd/Dialog.pm line 79, <STDIN> line 13.)
debconf: falling back to frontend: Readline
Preconfiguring packages ...
Selecting previously unselected package libnuma1:amd64.
(Reading database ... 39521 files and directories currently installed.)
Preparing to unpack .../00-libnuma1_2.0.19-1build1_amd64.deb ...
Unpacking libnuma1:amd64 (2.0.19-1build1) ...
Selecting previously unselected package libsensors-config.
Preparing to unpack .../01-libsensors-config_1%3a3.6.2-2build1_all.deb ...
Unpacking libsensors-config (1:3.6.2-2build1) ...
Selecting previously unselected package libsensors5:amd64.
Preparing to unpack .../02-libsensors5_1%3a3.6.2-2build1_amd64.deb ...
Unpacking libsensors5:amd64 (1:3.6.2-2build1) ...
Selecting previously unselected package xz-utils.
Preparing to unpack .../03-xz-utils_5.8.3-1_amd64.deb ...
Unpacking xz-utils (5.8.3-1) ...
Selecting previously unselected package sysstat.
Preparing to unpack .../04-sysstat_12.7.7-0ubuntu2_amd64.deb ...
Unpacking sysstat (12.7.7-0ubuntu2) ...
Selecting previously unselected package libicu78:amd64.
Preparing to unpack .../05-libicu78_78.2-2ubuntu1_amd64.deb ...
Unpacking libicu78:amd64 (78.2-2ubuntu1) ...
Selecting previously unselected package libllvm21:amd64.
Preparing to unpack .../06-libllvm21_1%3a21.1.8-6ubuntu1_amd64.deb ...
Unpacking libllvm21:amd64 (1:21.1.8-6ubuntu1) ...
Selecting previously unselected package libpq5:amd64.
Preparing to unpack .../07-libpq5_19~beta3-1.pgdg26.04+1_amd64.deb ...
Unpacking libpq5:amd64 (19~beta3-1.pgdg26.04+1) ...
Selecting previously unselected package liburing2:amd64.
Preparing to unpack .../08-liburing2_2.14-1_amd64.deb ...
Unpacking liburing2:amd64 (2.14-1) ...
Selecting previously unselected package libxslt1.1:amd64.
Preparing to unpack .../09-libxslt1.1_1.1.45-0.1_amd64.deb ...
Unpacking libxslt1.1:amd64 (1.1.45-0.1) ...
Selecting previously unselected package postgresql-client-19.
Preparing to unpack .../10-postgresql-client-19_19~beta3-1.pgdg26.04+1_amd64.deb ...
Unpacking postgresql-client-19 (19~beta3-1.pgdg26.04+1) ...
Selecting previously unselected package postgresql-19.
Preparing to unpack .../11-postgresql-19_19~beta3-1.pgdg26.04+1_amd64.deb ...
Unpacking postgresql-19 (19~beta3-1.pgdg26.04+1) ...
Selecting previously unselected package postgresql-19-jit.
Preparing to unpack .../12-postgresql-19-jit_19~beta3-1.pgdg26.04+1_amd64.deb ...
Unpacking postgresql-19-jit (19~beta3-1.pgdg26.04+1) ...
Setting up libsensors-config (1:3.6.2-2build1) ...
Setting up libpq5:amd64 (19~beta3-1.pgdg26.04+1) ...
Setting up libicu78:amd64 (78.2-2ubuntu1) ...
Setting up libllvm21:amd64 (1:21.1.8-6ubuntu1) ...
Setting up xz-utils (5.8.3-1) ...
update-alternatives: using /usr/bin/xz to provide /usr/bin/lzma (lzma) in auto mode
Setting up libsensors5:amd64 (1:3.6.2-2build1) ...
Setting up libnuma1:amd64 (2.0.19-1build1) ...
Setting up libxslt1.1:amd64 (1.1.45-0.1) ...
Setting up liburing2:amd64 (2.14-1) ...
Setting up sysstat (12.7.7-0ubuntu2) ...
debconf: unable to initialize frontend: Dialog
debconf: (No usable dialog-like program is installed, so the dialog based frontend cannot be used. at /usr/share/perl5/Debconf/FrontEnd/Dialog.pm line 79.)
debconf: falling back to frontend: Readline
Creating config file /etc/default/sysstat with new version
update-alternatives: using /usr/bin/sar.sysstat to provide /usr/bin/sar (sar) in auto mode
Created symlink '/etc/systemd/system/sysstat.service.wants/sysstat-collect.timer' → '/usr/lib/systemd/system/sysstat-collect.timer'.
Created symlink '/etc/systemd/system/sysstat.service.wants/sysstat-rotate.timer' → '/usr/lib/systemd/system/sysstat-rotate.timer'.
Created symlink '/etc/systemd/system/sysstat.service.wants/sysstat-summary.timer' → '/usr/lib/systemd/system/sysstat-summary.timer'.
Created symlink '/etc/systemd/system/multi-user.target.wants/sysstat.service' → '/usr/lib/systemd/system/sysstat.service'.
Setting up postgresql-client-19 (19~beta3-1.pgdg26.04+1) ...
update-alternatives: using /usr/share/postgresql/19/man/man1/psql.1.gz to provide /usr/share/man/man1/psql.1.gz (psql.1.gz) in auto mode
Setting up postgresql-19 (19~beta3-1.pgdg26.04+1) ...
debconf: unable to initialize frontend: Dialog
debconf: (No usable dialog-like program is installed, so the dialog based frontend cannot be used. at /usr/share/perl5/Debconf/FrontEnd/Dialog.pm line 79.)
debconf: falling back to frontend: Readline
Creating new PostgreSQL cluster 19/main ...
/usr/lib/postgresql/19/bin/initdb -D /var/lib/postgresql/19/main --auth-local peer --auth-host scram-sha-256 --no-instructions
The files belonging to this database system will be owned by user "postgres".
This user must also own the server process.

The database cluster will be initialized with locale "C.UTF-8".
The default database encoding has accordingly been set to "UTF8".
The default text search configuration will be set to "english".

Data page checksums are enabled.

fixing permissions on existing directory /var/lib/postgresql/19/main ... ok
creating subdirectories ... ok
selecting dynamic shared memory implementation ... posix
selecting default "max_connections" ... 100
selecting default "shared_buffers" ... 128MB
selecting default time zone ... Etc/UTC
creating configuration files ... ok
running bootstrap script ... ok
performing post-bootstrap initialization ... ok
syncing data to disk ... ok
invoke-rc.d: policy-rc.d denied execution of start.
Setting up postgresql-19-jit (19~beta3-1.pgdg26.04+1) ...
Processing triggers for libc-bin (2.43-2ubuntu2.3) ...
Processing triggers for man-db (2.13.1-1build1) ...
Processing triggers for postgresql-common (290ubuntu1) ...
debconf: unable to initialize frontend: Dialog
debconf: (No usable dialog-like program is installed, so the dialog based frontend cannot be used. at /usr/share/perl5/Debconf/FrontEnd/Dialog.pm line 79.)
debconf: falling back to frontend: Readline
Building PostgreSQL dictionaries from installed myspell/hunspell packages...
Removing obsolete dictionary files:
Synchronizing state of postgresql.service with SysV service script with /usr/lib/systemd/systemd-sysv-install.
Executing: /usr/lib/systemd/systemd-sysv-install enable postgresql
laborant@ubuntu-01:~$ sudo systemctl enable postgresql
Synchronizing state of postgresql.service with SysV service script with /usr/lib/systemd/systemd-sysv-install.
Executing: /usr/lib/systemd/systemd-sysv-install enable postgresql
laborant@ubuntu-01:~$ sudo systemctl status postgresql
○ postgresql.service - PostgreSQL RDBMS
     Loaded: loaded (/usr/lib/systemd/system/postgresql.service; enabled; preset: enabled)
     Active: inactive (dead)
laborant@ubuntu-01:~$ sudo systemctl start postgresql
laborant@ubuntu-01:~$ sudo systemctl status postgresql
● postgresql.service - PostgreSQL RDBMS
     Loaded: loaded (/usr/lib/systemd/system/postgresql.service; enabled; preset: enabled)
     Active: active (exited) since Fri 2026-08-14 01:54:05 UTC; 3s ago
 Invocation: e069a862b7a0447e95871f49552b854f
    Process: 3998 ExecStart=/bin/true (code=exited, status=0/SUCCESS)
   Main PID: 3998 (code=exited, status=0/SUCCESS)
   Mem peak: 1.7M
        CPU: 3ms

Aug 14 01:54:05 ubuntu-01 systemd[1]: Starting postgresql.service - PostgreSQL RDBMS...
Aug 14 01:54:05 ubuntu-01 systemd[1]: Finished postgresql.service - PostgreSQL RDBMS.
laborant@ubuntu-01:~$ 
laborant@docker-01:postgresql$ docker build -t postgresql-19 .
[+] Building 52.1s (6/8)                                                                                                                   docker:default
 => [internal] load build definition from Dockerfile                                                                                                 0.0s
 => => transferring dockerfile: 1.15kB                                                                                                               0.0s
 => [internal] load metadata for ghcr.io/iximiuz/labs/rootfs:ubuntu-24-04                                                                            1.8s
 => [internal] load .dockerignore                                                                                                                    0.0s
 => => transferring context: 2B                                                                                                                      0.0s
 => [1/5] FROM ghcr.io/iximiuz/labs/rootfs:ubuntu-24-04@sha256:1315989631111fba475a77942f26e13fe1fef6396484bd0bdc45c223ed3cc77a                     36.6s
 => => resolve ghcr.io/iximiuz/labs/rootfs:ubuntu-24-04@sha256:1315989631111fba475a77942f26e13fe1fef6396484bd0bdc45c223ed3cc77a                      0.0s
 => => sha256:cdc156eee1c0b14e7ec7f9ffe7ad67b9f6ec82ed2e9da775cfbaff3df72046d6 759B / 759B                                                           0.4s
 => => sha256:c1bdcc525afeb4793e4642efb10d8073534d4a9273753abdf9bf7c6d83f4db75 237B / 237B                                                           0.5s
 => => sha256:66cb3325c968e1f5d4c735ed537d846f2f7293419b9072735c615db9bbadb612 2.21kB / 2.21kB                                                       0.5s
 => => sha256:01f991cbc53fb03ce453c6e49e45b1bde453f4a69c0e919d22ffc89c18b80d2c 2.99MB / 2.99MB                                                       0.9s
 => => sha256:0ab9c4013abd417ae0c099fb1a7127c4f692c2c3481cc6549bd5db83b43a82e5 320.51MB / 320.51MB                                                  33.8s
 => => sha256:dd5abb0b8fb869771dbdb51439799bcf3b9bec4ef7918ea3ebf5f007e782b935 715B / 715B                                                           0.4s
 => => sha256:435104e508641639a23c19d1723db44cd4c3a5a2205edd6ab34f9c02fca7bd7b 4.01kB / 4.01kB                                                       0.4s
 => => sha256:873adda859854c68f50429d04bc75aeebf182bb8fb916ab63d4b774aa3eaec04 723B / 723B                                                           0.4s
 => => sha256:79019c86bee89ff08ce5e05c67b1d15af1f7c48e4fb47bc6167ad85f9cb5775d 203B / 203B                                                           0.4s
 => => sha256:dc024ebcfadc18a6f7a69c16a85416e6f24dbb9b95beba8c495076462845ef2d 1.85kB / 1.85kB                                                       0.6s
 => => sha256:2101fc6a7bfd0a207573c4013b50ee18e4741653234944351b2fa2ac7afe5bd4 2.99MB / 2.99MB                                                       0.5s
 => => sha256:9364aa8dddb7de43659727b0f1f81b2113d15ef710175060bca54bbfde16df53 9.01MB / 9.01MB                                                       1.4s
 => => sha256:18a48dd542a84051aa8a6eea508da5ea474972007bed85bd852fbd9e4743ceb9 3.16MB / 3.16MB                                                       0.5s
 => => sha256:4c8e5178bac173f438ea5859975cb1c5948add0173a804797dedf41ee5706715 27.52MB / 27.52MB                                                     4.6s
 => => sha256:c7b44bfed52c95e6467166098d2ff95be876c6534fd82046e9f63e1e47829cc5 1.07MB / 1.07MB                                                       0.5s
 => => sha256:61b29938be89f59b255c2cf0a69650c304957b53fda4b7ef4585eec1d4371a86 24.44MB / 24.44MB                                                     4.1s
 => => sha256:bd17516a93b255727ce2be10b16726ab09e91d10a418f937aaf42675879ddba0 5.56MB / 5.56MB                                                       1.5s
 => => sha256:51b94dd614c764fb4f611ca3633f66187e26bb7fee5f3db75180687a69a7cc1c 701B / 701B                                                           0.6s
 => => sha256:c74f6e4957d199f5f8a6a61d002de959a6d8c5a082a0f588eab1018c0aa79f9f 25.25MB / 25.25MB                                                     4.0s
 => => sha256:df36212b55270bac9951455d1c1a49b82ce0b14f003f57f9e68e5ee14f6d522e 5.37MB / 5.37MB                                                       2.6s
 => => sha256:ee734f2861cb1d3445c12a4010327182e1d48b8aa7e630fef9f509acd7261973 198.57MB / 198.57MB                                                  21.4s
 => => sha256:7f79782ba4544a72213986ddb078b04c998757e5620e21185eb6079a3f00bbfb 1.39kB / 1.39kB                                                       0.7s
 => => sha256:eeb6a5dadfc3880975255cd252f6f19b83cafe3eda7ae88f7aec9ae84a126d84 118B / 118B                                                           0.6s
 => => sha256:cb259a83ac3dd9fea0b394df41df2b298adf0df938fef5999475af18a751c257 29.73MB / 29.73MB                                                     4.1s
 => => extracting sha256:cb259a83ac3dd9fea0b394df41df2b298adf0df938fef5999475af18a751c257                                                            0.4s
 => => extracting sha256:eeb6a5dadfc3880975255cd252f6f19b83cafe3eda7ae88f7aec9ae84a126d84                                                            0.0s
 => => extracting sha256:7f79782ba4544a72213986ddb078b04c998757e5620e21185eb6079a3f00bbfb                                                            0.0s
 => => extracting sha256:ee734f2861cb1d3445c12a4010327182e1d48b8aa7e630fef9f509acd7261973                                                            3.8s
 => => extracting sha256:df36212b55270bac9951455d1c1a49b82ce0b14f003f57f9e68e5ee14f6d522e                                                            0.3s
 => => extracting sha256:c74f6e4957d199f5f8a6a61d002de959a6d8c5a082a0f588eab1018c0aa79f9f                                                            0.1s
 => => extracting sha256:51b94dd614c764fb4f611ca3633f66187e26bb7fee5f3db75180687a69a7cc1c                                                            0.0s
 => => extracting sha256:bd17516a93b255727ce2be10b16726ab09e91d10a418f937aaf42675879ddba0                                                            0.1s
 => => extracting sha256:61b29938be89f59b255c2cf0a69650c304957b53fda4b7ef4585eec1d4371a86                                                            0.2s
 => => extracting sha256:c7b44bfed52c95e6467166098d2ff95be876c6534fd82046e9f63e1e47829cc5                                                            0.0s
 => => extracting sha256:4c8e5178bac173f438ea5859975cb1c5948add0173a804797dedf41ee5706715                                                            0.2s
 => => extracting sha256:18a48dd542a84051aa8a6eea508da5ea474972007bed85bd852fbd9e4743ceb9                                                            0.0s
 => => extracting sha256:9364aa8dddb7de43659727b0f1f81b2113d15ef710175060bca54bbfde16df53                                                            0.0s
 => => extracting sha256:2101fc6a7bfd0a207573c4013b50ee18e4741653234944351b2fa2ac7afe5bd4                                                            0.1s
 => => extracting sha256:dc024ebcfadc18a6f7a69c16a85416e6f24dbb9b95beba8c495076462845ef2d                                                            0.0s
 => => extracting sha256:79019c86bee89ff08ce5e05c67b1d15af1f7c48e4fb47bc6167ad85f9cb5775d                                                            0.0s
 => => extracting sha256:873adda859854c68f50429d04bc75aeebf182bb8fb916ab63d4b774aa3eaec04                                                            0.0s
 => => extracting sha256:435104e508641639a23c19d1723db44cd4c3a5a2205edd6ab34f9c02fca7bd7b                                                            0.0s
 => => extracting sha256:dd5abb0b8fb869771dbdb51439799bcf3b9bec4ef7918ea3ebf5f007e782b935                                                            0.0s
 => => extracting sha256:0ab9c4013abd417ae0c099fb1a7127c4f692c2c3481cc6549bd5db83b43a82e5                                                            2.2s
 => => extracting sha256:01f991cbc53fb03ce453c6e49e45b1bde453f4a69c0e919d22ffc89c18b80d2c                                                            0.0s
 => => extracting sha256:66cb3325c968e1f5d4c735ed537d846f2f7293419b9072735c615db9bbadb612                                                            0.0s
 => => extracting sha256:c1bdcc525afeb4793e4642efb10d8073534d4a9273753abdf9bf7c6d83f4db75                                                            0.0s
 => => extracting sha256:cdc156eee1c0b14e7ec7f9ffe7ad67b9f6ec82ed2e9da775cfbaff3df72046d6                                                            0.0s
 => [2/5] WORKDIR /home/laborant                                                                                                                     0.9s
 => ERROR [3/5] RUN sudo apt update     && sudo apt install -y postgresql-common     && sudo /usr/share/postgresql-common/pgdg/apt.postgresql.org.  12.8s
------
 > [3/5] RUN sudo apt update     && sudo apt install -y postgresql-common     && sudo /usr/share/postgresql-common/pgdg/apt.postgresql.org.sh -y     && sudo apt update     && echo 'Types: debURIs: https://apt.postgresql.org/pub/repos/aptSuites: resolute-pgdgComponents: main 19Architectures: amd64Signed-By: /usr/share/postgresql-common/pgdg/apt.postgresql.org.gpg' > /etc/apt/sources.list.d/pgdg.sources     && sudo apt update     && sudo apt install -y postgresql-19     && sudo systemctl enable postgresql:
0.194 
0.194 WARNING: apt does not have a stable CLI interface. Use with caution in scripts.
0.194 
0.575 Hit:1 http://archive.ubuntu.com/ubuntu noble InRelease
0.718 Get:2 http://security.ubuntu.com/ubuntu noble-security InRelease [126 kB]
0.750 Get:3 http://archive.ubuntu.com/ubuntu noble-updates InRelease [126 kB]
1.529 Get:4 http://archive.ubuntu.com/ubuntu noble-backports InRelease [126 kB]
1.841 Get:5 http://archive.ubuntu.com/ubuntu noble-updates/main amd64 Packages [1478 kB]
1.892 Get:6 http://security.ubuntu.com/ubuntu noble-security/restricted amd64 Packages [1655 kB]
2.484 Get:7 http://archive.ubuntu.com/ubuntu noble-updates/restricted amd64 Packages [1768 kB]
2.680 Get:8 http://archive.ubuntu.com/ubuntu noble-updates/universe amd64 Packages [2141 kB]
2.806 Get:9 http://archive.ubuntu.com/ubuntu noble-updates/multiverse amd64 Packages [55.8 kB]
2.808 Get:10 http://archive.ubuntu.com/ubuntu noble-backports/universe amd64 Packages [35.9 kB]
3.188 Get:11 http://security.ubuntu.com/ubuntu noble-security/universe amd64 Packages [1524 kB]
3.344 Get:12 http://security.ubuntu.com/ubuntu noble-security/main amd64 Packages [1153 kB]
3.539 Get:13 http://security.ubuntu.com/ubuntu noble-security/multiverse amd64 Packages [50.0 kB]
3.574 Fetched 10.2 MB in 3s (3045 kB/s)
3.574 Reading package lists...
4.033 Building dependency tree...
4.130 Reading state information...
4.141 70 packages can be upgraded. Run 'apt list --upgradable' to see them.
4.150 
4.150 WARNING: apt does not have a stable CLI interface. Use with caution in scripts.
4.150 
4.152 Reading package lists...
4.581 Building dependency tree...
4.687 Reading state information...
4.773 The following additional packages will be installed:
4.773   libcommon-sense-perl libjson-perl libjson-xs-perl libpopt0
4.773   libtypes-serialiser-perl logrotate postgresql-client-common ssl-cert
4.774 Suggested packages:
4.774   bsd-mailx | mailx
4.797 The following NEW packages will be installed:
4.798   libcommon-sense-perl libjson-perl libjson-xs-perl libpopt0
4.798   libtypes-serialiser-perl logrotate postgresql-client-common
4.798   postgresql-common ssl-cert
5.317 0 upgraded, 9 newly installed, 0 to remove and 70 not upgraded.
5.317 Need to get 494 kB of archives.
5.317 After this operation, 1665 kB of additional disk space will be used.
5.317 Get:1 http://archive.ubuntu.com/ubuntu noble/main amd64 libjson-perl all 4.10000-1 [81.9 kB]
6.274 Get:2 http://archive.ubuntu.com/ubuntu noble-updates/main amd64 postgresql-client-common all 257build1.1 [36.4 kB]
6.376 Get:3 http://archive.ubuntu.com/ubuntu noble/main amd64 ssl-cert all 1.1.2ubuntu1 [17.8 kB]
6.415 Get:4 http://archive.ubuntu.com/ubuntu noble-updates/main amd64 postgresql-common all 257build1.1 [161 kB]
6.834 Get:5 http://archive.ubuntu.com/ubuntu noble/main amd64 libpopt0 amd64 1.19+dfsg-1build1 [28.6 kB]
6.865 Get:6 http://archive.ubuntu.com/ubuntu noble/main amd64 logrotate amd64 3.21.0-2build1 [52.2 kB]
6.922 Get:7 http://archive.ubuntu.com/ubuntu noble/main amd64 libcommon-sense-perl amd64 3.75-3build3 [20.4 kB]
6.943 Get:8 http://archive.ubuntu.com/ubuntu noble/main amd64 libtypes-serialiser-perl all 1.01-1 [11.6 kB]
6.956 Get:9 http://archive.ubuntu.com/ubuntu noble-updates/main amd64 libjson-xs-perl amd64 4.040-0ubuntu0.24.04.1 [83.7 kB]
7.179 debconf: delaying package configuration, since apt-utils is not installed
7.246 Fetched 494 kB in 2s (221 kB/s)
7.285 Selecting previously unselected package libjson-perl.
(Reading database ... 44913 files and directories currently installed.)
7.319 Preparing to unpack .../0-libjson-perl_4.10000-1_all.deb ...
7.325 Unpacking libjson-perl (4.10000-1) ...
7.382 Selecting previously unselected package postgresql-client-common.
7.387 Preparing to unpack .../1-postgresql-client-common_257build1.1_all.deb ...
7.391 Unpacking postgresql-client-common (257build1.1) ...
7.459 Selecting previously unselected package ssl-cert.
7.472 Preparing to unpack .../2-ssl-cert_1.1.2ubuntu1_all.deb ...
7.480 Unpacking ssl-cert (1.1.2ubuntu1) ...
7.511 Selecting previously unselected package postgresql-common.
7.515 Preparing to unpack .../3-postgresql-common_257build1.1_all.deb ...
7.522 Adding 'diversion of /usr/bin/pg_config to /usr/bin/pg_config.libpq-dev by postgresql-common'
7.549 Unpacking postgresql-common (257build1.1) ...
7.587 Selecting previously unselected package libpopt0:amd64.
7.589 Preparing to unpack .../4-libpopt0_1.19+dfsg-1build1_amd64.deb ...
7.593 Unpacking libpopt0:amd64 (1.19+dfsg-1build1) ...
7.622 Selecting previously unselected package logrotate.
7.622 Preparing to unpack .../5-logrotate_3.21.0-2build1_amd64.deb ...
7.624 Unpacking logrotate (3.21.0-2build1) ...
7.653 Selecting previously unselected package libcommon-sense-perl:amd64.
7.659 Preparing to unpack .../6-libcommon-sense-perl_3.75-3build3_amd64.deb ...
7.660 Unpacking libcommon-sense-perl:amd64 (3.75-3build3) ...
7.679 Selecting previously unselected package libtypes-serialiser-perl.
7.685 Preparing to unpack .../7-libtypes-serialiser-perl_1.01-1_all.deb ...
7.686 Unpacking libtypes-serialiser-perl (1.01-1) ...
7.710 Selecting previously unselected package libjson-xs-perl.
7.713 Preparing to unpack .../8-libjson-xs-perl_4.040-0ubuntu0.24.04.1_amd64.deb ...
7.716 Unpacking libjson-xs-perl (4.040-0ubuntu0.24.04.1) ...
7.761 Setting up postgresql-client-common (257build1.1) ...
7.765 Setting up libcommon-sense-perl:amd64 (3.75-3build3) ...
7.768 Setting up ssl-cert (1.1.2ubuntu1) ...
7.861 debconf: unable to initialize frontend: Dialog
7.861 debconf: (Dialog frontend will not work on a dumb terminal, an emacs shell buffer, or without a controlling terminal.)
7.861 debconf: falling back to frontend: Readline
7.867 debconf: unable to initialize frontend: Readline
7.867 debconf: (This frontend requires a controlling tty.)
7.867 debconf: falling back to frontend: Teletype
8.272 Created symlink /etc/systemd/system/multi-user.target.wants/ssl-cert.service → /usr/lib/systemd/system/ssl-cert.service.
8.283 Setting up libtypes-serialiser-perl (1.01-1) ...
8.284 Setting up libjson-perl (4.10000-1) ...
8.286 Setting up libpopt0:amd64 (1.19+dfsg-1build1) ...
8.287 Setting up logrotate (3.21.0-2build1) ...
8.371 Created symlink /etc/systemd/system/timers.target.wants/logrotate.timer → /usr/lib/systemd/system/logrotate.timer.
8.373 Setting up libjson-xs-perl (4.040-0ubuntu0.24.04.1) ...
8.374 Setting up postgresql-common (257build1.1) ...
8.417 debconf: unable to initialize frontend: Dialog
8.417 debconf: (Dialog frontend will not work on a dumb terminal, an emacs shell buffer, or without a controlling terminal.)
8.417 debconf: falling back to frontend: Readline
8.421 debconf: unable to initialize frontend: Readline
8.421 debconf: (This frontend requires a controlling tty.)
8.421 debconf: falling back to frontend: Teletype
8.561 
8.561 Creating config file /etc/postgresql-common/createcluster.conf with new version
8.637 Building PostgreSQL dictionaries from installed myspell/hunspell packages...
8.637 Removing obsolete dictionary files:
8.652 invoke-rc.d: could not determine current runlevel
8.655 invoke-rc.d: policy-rc.d denied execution of start.
8.716 Created symlink /etc/systemd/system/multi-user.target.wants/postgresql.service → /usr/lib/systemd/system/postgresql.service.
8.749 Processing triggers for man-db (2.12.0-4build2) ...
9.234 Processing triggers for libc-bin (2.39-0ubuntu8.7) ...
9.600 This script will enable the PostgreSQL APT repository on apt.postgresql.org on
9.600 your system. The distribution codename used will be noble-pgdg.
9.600 
9.600 Using keyring /usr/share/postgresql-common/pgdg/apt.postgresql.org.gpg
9.600 Writing /etc/apt/sources.list.d/pgdg.sources ...
9.602 
9.602 Running apt-get update ...
9.990 Hit:1 http://security.ubuntu.com/ubuntu noble-security InRelease
9.990 Hit:2 http://archive.ubuntu.com/ubuntu noble InRelease
10.03 Get:3 https://apt.postgresql.org/pub/repos/apt noble-pgdg InRelease [189 kB]
10.12 Get:4 https://apt.postgresql.org/pub/repos/apt noble-pgdg/main amd64 Packages [1083 kB]
10.17 Hit:5 http://archive.ubuntu.com/ubuntu noble-updates InRelease
10.35 Hit:6 http://archive.ubuntu.com/ubuntu noble-backports InRelease
10.40 Fetched 1272 kB in 1s (1637 kB/s)
10.40 Reading package lists...
10.82 
10.82 You can now start installing packages from apt.postgresql.org.
10.82 
10.82 Have a look at https://wiki.postgresql.org/wiki/Apt for more information;
10.82 most notably the FAQ at https://wiki.postgresql.org/wiki/Apt/FAQ
10.83 
10.83 WARNING: apt does not have a stable CLI interface. Use with caution in scripts.
10.83 
10.87 Hit:1 https://apt.postgresql.org/pub/repos/apt noble-pgdg InRelease
11.37 Hit:2 http://security.ubuntu.com/ubuntu noble-security InRelease
11.83 Hit:3 http://archive.ubuntu.com/ubuntu noble InRelease
12.01 Hit:4 http://archive.ubuntu.com/ubuntu noble-updates InRelease
12.19 Hit:5 http://archive.ubuntu.com/ubuntu noble-backports InRelease
12.24 Reading package lists...
12.64 Building dependency tree...
12.75 Reading state information...
12.76 72 packages can be upgraded. Run 'apt list --upgradable' to see them.
12.76 /bin/sh: 1: cannot create /etc/apt/sources.list.d/pgdg.sources: Permission denied
------
Dockerfile:5
--------------------
   4 |     
   5 | >>> RUN sudo apt update \
   6 | >>>     && sudo apt install -y postgresql-common \
   7 | >>>     && sudo /usr/share/postgresql-common/pgdg/apt.postgresql.org.sh -y \
   8 | >>>     && sudo apt update \
   9 | >>>     && echo 'Types: deb\
  10 | >>> URIs: https://apt.postgresql.org/pub/repos/apt\
  11 | >>> Suites: resolute-pgdg\
  12 | >>> Components: main 19\
  13 | >>> Architectures: amd64\
  14 | >>> Signed-By: /usr/share/postgresql-common/pgdg/apt.postgresql.org.gpg' > /etc/apt/sources.list.d/pgdg.sources \
  15 | >>>     && sudo apt update \
  16 | >>>     && sudo apt install -y postgresql-19 \
  17 | >>>     && sudo systemctl enable postgresql
  18 |     
--------------------
ERROR: failed to build: failed to solve: process "/bin/sh -c sudo apt update     && sudo apt install -y postgresql-common     && sudo /usr/share/postgresql-common/pgdg/apt.postgresql.org.sh -y     && sudo apt update     && echo 'Types: debURIs: https://apt.postgresql.org/pub/repos/aptSuites: resolute-pgdgComponents: main 19Architectures: amd64Signed-By: /usr/share/postgresql-common/pgdg/apt.postgresql.org.gpg' > /etc/apt/sources.list.d/pgdg.sources     && sudo apt update     && sudo apt install -y postgresql-19     && sudo systemctl enable postgresql" did not complete successfully: exit code: 2
laborant@docker-01:postgresql$ rm Dockerfile ; vi Dockerfile 
laborant@docker-01:postgresql$ docker build -t postgresql-19 .
[+] Building 14.0s (6/8)                                                                                                                   docker:default
 => [internal] load build definition from Dockerfile                                                                                                 0.0s
 => => transferring dockerfile: 1.15kB                                                                                                               0.0s
 => [internal] load metadata for ghcr.io/iximiuz/labs/rootfs:ubuntu-24-04                                                                            1.4s
 => [internal] load .dockerignore                                                                                                                    0.0s
 => => transferring context: 2B                                                                                                                      0.0s
 => [1/5] FROM ghcr.io/iximiuz/labs/rootfs:ubuntu-24-04@sha256:1315989631111fba475a77942f26e13fe1fef6396484bd0bdc45c223ed3cc77a                      0.0s
 => => resolve ghcr.io/iximiuz/labs/rootfs:ubuntu-24-04@sha256:1315989631111fba475a77942f26e13fe1fef6396484bd0bdc45c223ed3cc77a                      0.0s
 => CACHED [2/5] WORKDIR /home/laborant                                                                                                              0.0s
 => ERROR [3/5] RUN sudo apt update     && sudo apt install -y postgresql-common     && sudo /usr/share/postgresql-common/pgdg/apt.postgresql.org.  12.5s
------                                                                                                                                                    
 > [3/5] RUN sudo apt update     && sudo apt install -y postgresql-common     && sudo /usr/share/postgresql-common/pgdg/apt.postgresql.org.sh -y     && sudo apt update     && echo 'Types: debURIs: https://apt.postgresql.org/pub/repos/aptSuites: resolute-pgdgComponents: main 19Architectures: amd64Signed-By: /usr/share/postgresql-common/pgdg/apt.postgresql.org.gpg' | sudo tee /etc/apt/sources.list.d/pgdg.sources     && sudo apt update     && sudo apt install -y postgresql-19     && sudo systemctl enable postgresql:                                                                                                  
0.155                                                                                                                                                     
0.155 WARNING: apt does not have a stable CLI interface. Use with caution in scripts.
0.155 
0.562 Hit:1 http://archive.ubuntu.com/ubuntu noble InRelease
0.747 Get:2 http://archive.ubuntu.com/ubuntu noble-updates InRelease [126 kB]
1.584 Get:3 http://archive.ubuntu.com/ubuntu noble-backports InRelease [126 kB]
1.656 Get:4 http://security.ubuntu.com/ubuntu noble-security InRelease [126 kB]
1.917 Get:5 http://archive.ubuntu.com/ubuntu noble-updates/main amd64 Packages [1478 kB]
2.506 Get:6 http://security.ubuntu.com/ubuntu noble-security/restricted amd64 Packages [1655 kB]
2.600 Get:7 http://archive.ubuntu.com/ubuntu noble-updates/universe amd64 Packages [2141 kB]
2.837 Get:8 http://archive.ubuntu.com/ubuntu noble-updates/multiverse amd64 Packages [55.8 kB]
2.841 Get:9 http://archive.ubuntu.com/ubuntu noble-updates/restricted amd64 Packages [1768 kB]
2.947 Get:10 http://archive.ubuntu.com/ubuntu noble-backports/universe amd64 Packages [35.9 kB]
3.426 Get:11 http://security.ubuntu.com/ubuntu noble-security/main amd64 Packages [1153 kB]
3.510 Get:12 http://security.ubuntu.com/ubuntu noble-security/universe amd64 Packages [1524 kB]
3.675 Get:13 http://security.ubuntu.com/ubuntu noble-security/multiverse amd64 Packages [50.0 kB]
3.723 Fetched 10.2 MB in 4s (2886 kB/s)
3.723 Reading package lists...
4.150 Building dependency tree...
4.243 Reading state information...
4.254 70 packages can be upgraded. Run 'apt list --upgradable' to see them.
4.263 
4.263 WARNING: apt does not have a stable CLI interface. Use with caution in scripts.
4.263 
4.265 Reading package lists...
4.660 Building dependency tree...
4.777 Reading state information...
4.866 The following additional packages will be installed:
4.866   libcommon-sense-perl libjson-perl libjson-xs-perl libpopt0
4.866   libtypes-serialiser-perl logrotate postgresql-client-common ssl-cert
4.867 Suggested packages:
4.867   bsd-mailx | mailx
4.890 The following NEW packages will be installed:
4.890   libcommon-sense-perl libjson-perl libjson-xs-perl libpopt0
4.890   libtypes-serialiser-perl logrotate postgresql-client-common
4.890   postgresql-common ssl-cert
5.430 0 upgraded, 9 newly installed, 0 to remove and 70 not upgraded.
5.430 Need to get 494 kB of archives.
5.430 After this operation, 1665 kB of additional disk space will be used.
5.430 Get:1 http://archive.ubuntu.com/ubuntu noble/main amd64 libjson-perl all 4.10000-1 [81.9 kB]
6.381 Get:2 http://archive.ubuntu.com/ubuntu noble-updates/main amd64 postgresql-client-common all 257build1.1 [36.4 kB]
6.470 Get:3 http://archive.ubuntu.com/ubuntu noble/main amd64 ssl-cert all 1.1.2ubuntu1 [17.8 kB]
6.529 Get:4 http://archive.ubuntu.com/ubuntu noble-updates/main amd64 postgresql-common all 257build1.1 [161 kB]
6.915 Get:5 http://archive.ubuntu.com/ubuntu noble/main amd64 libpopt0 amd64 1.19+dfsg-1build1 [28.6 kB]
6.938 Get:6 http://archive.ubuntu.com/ubuntu noble/main amd64 logrotate amd64 3.21.0-2build1 [52.2 kB]
7.000 Get:7 http://archive.ubuntu.com/ubuntu noble/main amd64 libcommon-sense-perl amd64 3.75-3build3 [20.4 kB]
7.008 Get:8 http://archive.ubuntu.com/ubuntu noble/main amd64 libtypes-serialiser-perl all 1.01-1 [11.6 kB]
7.018 Get:9 http://archive.ubuntu.com/ubuntu noble-updates/main amd64 libjson-xs-perl amd64 4.040-0ubuntu0.24.04.1 [83.7 kB]
7.249 debconf: delaying package configuration, since apt-utils is not installed
7.340 Fetched 494 kB in 2s (223 kB/s)
7.359 Selecting previously unselected package libjson-perl.
(Reading database ... 44913 files and directories currently installed.)
7.388 Preparing to unpack .../0-libjson-perl_4.10000-1_all.deb ...
7.412 Unpacking libjson-perl (4.10000-1) ...
7.443 Selecting previously unselected package postgresql-client-common.
7.447 Preparing to unpack .../1-postgresql-client-common_257build1.1_all.deb ...
7.447 Unpacking postgresql-client-common (257build1.1) ...
7.465 Selecting previously unselected package ssl-cert.
7.469 Preparing to unpack .../2-ssl-cert_1.1.2ubuntu1_all.deb ...
7.469 Unpacking ssl-cert (1.1.2ubuntu1) ...
7.486 Selecting previously unselected package postgresql-common.
7.490 Preparing to unpack .../3-postgresql-common_257build1.1_all.deb ...
7.495 Adding 'diversion of /usr/bin/pg_config to /usr/bin/pg_config.libpq-dev by postgresql-common'
7.500 Unpacking postgresql-common (257build1.1) ...
7.530 Selecting previously unselected package libpopt0:amd64.
7.533 Preparing to unpack .../4-libpopt0_1.19+dfsg-1build1_amd64.deb ...
7.534 Unpacking libpopt0:amd64 (1.19+dfsg-1build1) ...
7.547 Selecting previously unselected package logrotate.
7.550 Preparing to unpack .../5-logrotate_3.21.0-2build1_amd64.deb ...
7.550 Unpacking logrotate (3.21.0-2build1) ...
7.562 Selecting previously unselected package libcommon-sense-perl:amd64.
7.565 Preparing to unpack .../6-libcommon-sense-perl_3.75-3build3_amd64.deb ...
7.566 Unpacking libcommon-sense-perl:amd64 (3.75-3build3) ...
7.577 Selecting previously unselected package libtypes-serialiser-perl.
7.579 Preparing to unpack .../7-libtypes-serialiser-perl_1.01-1_all.deb ...
7.580 Unpacking libtypes-serialiser-perl (1.01-1) ...
7.590 Selecting previously unselected package libjson-xs-perl.
7.593 Preparing to unpack .../8-libjson-xs-perl_4.040-0ubuntu0.24.04.1_amd64.deb ...
7.593 Unpacking libjson-xs-perl (4.040-0ubuntu0.24.04.1) ...
7.611 Setting up postgresql-client-common (257build1.1) ...
7.613 Setting up libcommon-sense-perl:amd64 (3.75-3build3) ...
7.614 Setting up ssl-cert (1.1.2ubuntu1) ...
7.651 debconf: unable to initialize frontend: Dialog
7.651 debconf: (Dialog frontend will not work on a dumb terminal, an emacs shell buffer, or without a controlling terminal.)
7.651 debconf: falling back to frontend: Readline
7.656 debconf: unable to initialize frontend: Readline
7.656 debconf: (This frontend requires a controlling tty.)
7.656 debconf: falling back to frontend: Teletype
7.968 Created symlink /etc/systemd/system/multi-user.target.wants/ssl-cert.service → /usr/lib/systemd/system/ssl-cert.service.
7.978 Setting up libtypes-serialiser-perl (1.01-1) ...
7.979 Setting up libjson-perl (4.10000-1) ...
7.980 Setting up libpopt0:amd64 (1.19+dfsg-1build1) ...
7.981 Setting up logrotate (3.21.0-2build1) ...
8.050 Created symlink /etc/systemd/system/timers.target.wants/logrotate.timer → /usr/lib/systemd/system/logrotate.timer.
8.053 Setting up libjson-xs-perl (4.040-0ubuntu0.24.04.1) ...
8.054 Setting up postgresql-common (257build1.1) ...
8.092 debconf: unable to initialize frontend: Dialog
8.092 debconf: (Dialog frontend will not work on a dumb terminal, an emacs shell buffer, or without a controlling terminal.)
8.092 debconf: falling back to frontend: Readline
8.096 debconf: unable to initialize frontend: Readline
8.096 debconf: (This frontend requires a controlling tty.)
8.096 debconf: falling back to frontend: Teletype
8.230 
8.230 Creating config file /etc/postgresql-common/createcluster.conf with new version
8.299 Building PostgreSQL dictionaries from installed myspell/hunspell packages...
8.299 Removing obsolete dictionary files:
8.314 invoke-rc.d: could not determine current runlevel
8.317 invoke-rc.d: policy-rc.d denied execution of start.
8.377 Created symlink /etc/systemd/system/multi-user.target.wants/postgresql.service → /usr/lib/systemd/system/postgresql.service.
8.411 Processing triggers for man-db (2.12.0-4build2) ...
8.881 Processing triggers for libc-bin (2.39-0ubuntu8.7) ...
8.940 This script will enable the PostgreSQL APT repository on apt.postgresql.org on
8.940 your system. The distribution codename used will be noble-pgdg.
8.940 
8.940 Using keyring /usr/share/postgresql-common/pgdg/apt.postgresql.org.gpg
8.940 Writing /etc/apt/sources.list.d/pgdg.sources ...
8.941 
8.941 Running apt-get update ...
8.975 Get:1 https://apt.postgresql.org/pub/repos/apt noble-pgdg InRelease [189 kB]
9.033 Get:2 https://apt.postgresql.org/pub/repos/apt noble-pgdg/main amd64 Packages [1083 kB]
9.469 Hit:3 http://security.ubuntu.com/ubuntu noble-security InRelease
9.473 Hit:4 http://archive.ubuntu.com/ubuntu noble InRelease
9.729 Hit:5 http://archive.ubuntu.com/ubuntu noble-updates InRelease
9.984 Hit:6 http://archive.ubuntu.com/ubuntu noble-backports InRelease
10.03 Fetched 1272 kB in 1s (1184 kB/s)
10.03 Reading package lists...
10.44 
10.44 You can now start installing packages from apt.postgresql.org.
10.44 
10.44 Have a look at https://wiki.postgresql.org/wiki/Apt for more information;
10.44 most notably the FAQ at https://wiki.postgresql.org/wiki/Apt/FAQ
10.45 
10.45 WARNING: apt does not have a stable CLI interface. Use with caution in scripts.
10.45 
10.49 Hit:1 https://apt.postgresql.org/pub/repos/apt noble-pgdg InRelease
10.85 Hit:2 http://archive.ubuntu.com/ubuntu noble InRelease
11.04 Hit:3 http://archive.ubuntu.com/ubuntu noble-updates InRelease
11.24 Hit:4 http://archive.ubuntu.com/ubuntu noble-backports InRelease
11.91 Hit:5 http://security.ubuntu.com/ubuntu noble-security InRelease
11.95 Reading package lists...
12.39 Building dependency tree...
12.48 Reading state information...
12.50 72 packages can be upgraded. Run 'apt list --upgradable' to see them.
12.50 Types: debURIs: https://apt.postgresql.org/pub/repos/aptSuites: resolute-pgdgComponents: main 19Architectures: amd64Signed-By: /usr/share/postgresql-common/pgdg/apt.postgresql.org.gpg
12.51 
12.51 WARNING: apt does not have a stable CLI interface. Use with caution in scripts.
12.51 
12.51 E: Type 'debURIs:' is not known on stanza 1 in source list /etc/apt/sources.list.d/pgdg.sources
12.51 E: The list of sources could not be read.
------
Dockerfile:5
--------------------
   4 |     
   5 | >>> RUN sudo apt update \
   6 | >>>     && sudo apt install -y postgresql-common \
   7 | >>>     && sudo /usr/share/postgresql-common/pgdg/apt.postgresql.org.sh -y \
   8 | >>>     && sudo apt update \
   9 | >>>     && echo 'Types: deb\
  10 | >>> URIs: https://apt.postgresql.org/pub/repos/apt\
  11 | >>> Suites: resolute-pgdg\
  12 | >>> Components: main 19\
  13 | >>> Architectures: amd64\
  14 | >>> Signed-By: /usr/share/postgresql-common/pgdg/apt.postgresql.org.gpg' | sudo tee /etc/apt/sources.list.d/pgdg.sources \
  15 | >>>     && sudo apt update \
  16 | >>>     && sudo apt install -y postgresql-19 \
  17 | >>>     && sudo systemctl enable postgresql
  18 |     
--------------------
ERROR: failed to build: failed to solve: process "/bin/sh -c sudo apt update     && sudo apt install -y postgresql-common     && sudo /usr/share/postgresql-common/pgdg/apt.postgresql.org.sh -y     && sudo apt update     && echo 'Types: debURIs: https://apt.postgresql.org/pub/repos/aptSuites: resolute-pgdgComponents: main 19Architectures: amd64Signed-By: /usr/share/postgresql-common/pgdg/apt.postgresql.org.gpg' | sudo tee /etc/apt/sources.list.d/pgdg.sources     && sudo apt update     && sudo apt install -y postgresql-19     && sudo systemctl enable postgresql" did not complete successfully: exit code: 100
laborant@docker-01:postgresql$ 
laborant@docker-01:postgresql$ rm Dockerfile ; vi Dockerfile 
laborant@docker-01:postgresql$ docker build -t postgresql-19 .
[+] Building 12.1s (6/8)                                                                                                                   docker:default
 => [internal] load build definition from Dockerfile                                                                                                 0.0s
 => => transferring dockerfile: 1.17kB                                                                                                               0.0s
 => [internal] load metadata for ghcr.io/iximiuz/labs/rootfs:ubuntu-24-04                                                                            0.5s
 => [internal] load .dockerignore                                                                                                                    0.0s
 => => transferring context: 2B                                                                                                                      0.0s
 => [1/5] FROM ghcr.io/iximiuz/labs/rootfs:ubuntu-24-04@sha256:1315989631111fba475a77942f26e13fe1fef6396484bd0bdc45c223ed3cc77a                      0.0s
 => => resolve ghcr.io/iximiuz/labs/rootfs:ubuntu-24-04@sha256:1315989631111fba475a77942f26e13fe1fef6396484bd0bdc45c223ed3cc77a                      0.0s
 => CACHED [2/5] WORKDIR /home/laborant                                                                                                              0.0s
 => ERROR [3/5] RUN sudo apt update     && sudo apt install -y postgresql-common     && sudo /usr/share/postgresql-common/pgdg/apt.postgresql.org.  11.5s
------                                                                                                                                                    
 > [3/5] RUN sudo apt update     && sudo apt install -y postgresql-common     && sudo /usr/share/postgresql-common/pgdg/apt.postgresql.org.sh -y     && sudo apt update     && echo -e 'Types: deb\nURIs: https://apt.postgresql.org/pub/repos/apt\nSuites: resolute-pgdg\nComponents: main 19\nArchitectures: amd64\nSigned-By: /usr/share/postgresql-common/pgdg/apt.postgresql.org.gpg' | sudo tee /etc/apt/sources.list.d/pgdg.sources     && sudo apt update     && sudo apt install -y postgresql-19     && sudo systemctl enable postgresql:                                                                                     
0.136                                                                                                                                                     
0.136 WARNING: apt does not have a stable CLI interface. Use with caution in scripts.
0.136 
0.514 Get:1 http://security.ubuntu.com/ubuntu noble-security InRelease [126 kB]
0.520 Hit:2 http://archive.ubuntu.com/ubuntu noble InRelease
0.696 Get:3 http://archive.ubuntu.com/ubuntu noble-updates InRelease [126 kB]
1.386 Get:4 http://security.ubuntu.com/ubuntu noble-security/restricted amd64 Packages [1655 kB]
1.485 Get:5 http://archive.ubuntu.com/ubuntu noble-backports InRelease [126 kB]
1.801 Get:6 http://archive.ubuntu.com/ubuntu noble-updates/restricted amd64 Packages [1768 kB]
2.320 Get:7 http://security.ubuntu.com/ubuntu noble-security/multiverse amd64 Packages [50.0 kB]
2.323 Get:8 http://security.ubuntu.com/ubuntu noble-security/universe amd64 Packages [1524 kB]
2.437 Get:9 http://security.ubuntu.com/ubuntu noble-security/main amd64 Packages [1153 kB]
2.511 Get:10 http://archive.ubuntu.com/ubuntu noble-updates/main amd64 Packages [1478 kB]
2.666 Get:11 http://archive.ubuntu.com/ubuntu noble-updates/multiverse amd64 Packages [55.8 kB]
2.674 Get:12 http://archive.ubuntu.com/ubuntu noble-updates/universe amd64 Packages [2141 kB]
2.799 Get:13 http://archive.ubuntu.com/ubuntu noble-backports/universe amd64 Packages [35.9 kB]
2.864 Fetched 10.2 MB in 3s (3787 kB/s)
2.864 Reading package lists...
3.363 Building dependency tree...
3.553 Reading state information...
3.582 70 packages can be upgraded. Run 'apt list --upgradable' to see them.
3.592 
3.592 WARNING: apt does not have a stable CLI interface. Use with caution in scripts.
3.592 
3.595 Reading package lists...
4.321 Building dependency tree...
4.566 Reading state information...
4.913 The following additional packages will be installed:
4.913   libcommon-sense-perl libjson-perl libjson-xs-perl libpopt0
4.914   libtypes-serialiser-perl logrotate postgresql-client-common ssl-cert
4.915 Suggested packages:
4.915   bsd-mailx | mailx
4.969 The following NEW packages will be installed:
4.970   libcommon-sense-perl libjson-perl libjson-xs-perl libpopt0
4.971   libtypes-serialiser-perl logrotate postgresql-client-common
4.972   postgresql-common ssl-cert
5.358 0 upgraded, 9 newly installed, 0 to remove and 70 not upgraded.
5.358 Need to get 494 kB of archives.
5.358 After this operation, 1665 kB of additional disk space will be used.
5.358 Get:1 http://archive.ubuntu.com/ubuntu noble/main amd64 libjson-perl all 4.10000-1 [81.9 kB]
6.031 Get:2 http://archive.ubuntu.com/ubuntu noble-updates/main amd64 postgresql-client-common all 257build1.1 [36.4 kB]
6.093 Get:3 http://archive.ubuntu.com/ubuntu noble/main amd64 ssl-cert all 1.1.2ubuntu1 [17.8 kB]
6.124 Get:4 http://archive.ubuntu.com/ubuntu noble-updates/main amd64 postgresql-common all 257build1.1 [161 kB]
6.406 Get:5 http://archive.ubuntu.com/ubuntu noble/main amd64 libpopt0 amd64 1.19+dfsg-1build1 [28.6 kB]
6.420 Get:6 http://archive.ubuntu.com/ubuntu noble/main amd64 logrotate amd64 3.21.0-2build1 [52.2 kB]
6.454 Get:7 http://archive.ubuntu.com/ubuntu noble/main amd64 libcommon-sense-perl amd64 3.75-3build3 [20.4 kB]
6.478 Get:8 http://archive.ubuntu.com/ubuntu noble/main amd64 libtypes-serialiser-perl all 1.01-1 [11.6 kB]
6.507 Get:9 http://archive.ubuntu.com/ubuntu noble-updates/main amd64 libjson-xs-perl amd64 4.040-0ubuntu0.24.04.1 [83.7 kB]
6.691 debconf: delaying package configuration, since apt-utils is not installed
6.745 Fetched 494 kB in 2s (318 kB/s)
6.765 Selecting previously unselected package libjson-perl.
(Reading database ... 44913 files and directories currently installed.)
6.793 Preparing to unpack .../0-libjson-perl_4.10000-1_all.deb ...
6.798 Unpacking libjson-perl (4.10000-1) ...
6.823 Selecting previously unselected package postgresql-client-common.
6.831 Preparing to unpack .../1-postgresql-client-common_257build1.1_all.deb ...
6.831 Unpacking postgresql-client-common (257build1.1) ...
6.863 Selecting previously unselected package ssl-cert.
6.870 Preparing to unpack .../2-ssl-cert_1.1.2ubuntu1_all.deb ...
6.876 Unpacking ssl-cert (1.1.2ubuntu1) ...
6.915 Selecting previously unselected package postgresql-common.
6.923 Preparing to unpack .../3-postgresql-common_257build1.1_all.deb ...
6.939 Adding 'diversion of /usr/bin/pg_config to /usr/bin/pg_config.libpq-dev by postgresql-common'
6.952 Unpacking postgresql-common (257build1.1) ...
7.028 Selecting previously unselected package libpopt0:amd64.
7.033 Preparing to unpack .../4-libpopt0_1.19+dfsg-1build1_amd64.deb ...
7.034 Unpacking libpopt0:amd64 (1.19+dfsg-1build1) ...
7.049 Selecting previously unselected package logrotate.
7.052 Preparing to unpack .../5-logrotate_3.21.0-2build1_amd64.deb ...
7.053 Unpacking logrotate (3.21.0-2build1) ...
7.066 Selecting previously unselected package libcommon-sense-perl:amd64.
7.068 Preparing to unpack .../6-libcommon-sense-perl_3.75-3build3_amd64.deb ...
7.069 Unpacking libcommon-sense-perl:amd64 (3.75-3build3) ...
7.082 Selecting previously unselected package libtypes-serialiser-perl.
7.084 Preparing to unpack .../7-libtypes-serialiser-perl_1.01-1_all.deb ...
7.085 Unpacking libtypes-serialiser-perl (1.01-1) ...
7.096 Selecting previously unselected package libjson-xs-perl.
7.099 Preparing to unpack .../8-libjson-xs-perl_4.040-0ubuntu0.24.04.1_amd64.deb ...
7.099 Unpacking libjson-xs-perl (4.040-0ubuntu0.24.04.1) ...
7.119 Setting up postgresql-client-common (257build1.1) ...
7.120 Setting up libcommon-sense-perl:amd64 (3.75-3build3) ...
7.121 Setting up ssl-cert (1.1.2ubuntu1) ...
7.159 debconf: unable to initialize frontend: Dialog
7.159 debconf: (Dialog frontend will not work on a dumb terminal, an emacs shell buffer, or without a controlling terminal.)
7.159 debconf: falling back to frontend: Readline
7.164 debconf: unable to initialize frontend: Readline
7.164 debconf: (This frontend requires a controlling tty.)
7.164 debconf: falling back to frontend: Teletype
7.380 Created symlink /etc/systemd/system/multi-user.target.wants/ssl-cert.service → /usr/lib/systemd/system/ssl-cert.service.
7.389 Setting up libtypes-serialiser-perl (1.01-1) ...
7.391 Setting up libjson-perl (4.10000-1) ...
7.392 Setting up libpopt0:amd64 (1.19+dfsg-1build1) ...
7.393 Setting up logrotate (3.21.0-2build1) ...
7.461 Created symlink /etc/systemd/system/timers.target.wants/logrotate.timer → /usr/lib/systemd/system/logrotate.timer.
7.463 Setting up libjson-xs-perl (4.040-0ubuntu0.24.04.1) ...
7.464 Setting up postgresql-common (257build1.1) ...
7.504 debconf: unable to initialize frontend: Dialog
7.504 debconf: (Dialog frontend will not work on a dumb terminal, an emacs shell buffer, or without a controlling terminal.)
7.504 debconf: falling back to frontend: Readline
7.509 debconf: unable to initialize frontend: Readline
7.509 debconf: (This frontend requires a controlling tty.)
7.509 debconf: falling back to frontend: Teletype
7.656 
7.656 Creating config file /etc/postgresql-common/createcluster.conf with new version
7.728 Building PostgreSQL dictionaries from installed myspell/hunspell packages...
7.728 Removing obsolete dictionary files:
7.745 invoke-rc.d: could not determine current runlevel
7.748 invoke-rc.d: policy-rc.d denied execution of start.
7.815 Created symlink /etc/systemd/system/multi-user.target.wants/postgresql.service → /usr/lib/systemd/system/postgresql.service.
7.855 Processing triggers for man-db (2.12.0-4build2) ...
8.351 Processing triggers for libc-bin (2.39-0ubuntu8.7) ...
8.620 This script will enable the PostgreSQL APT repository on apt.postgresql.org on
8.620 your system. The distribution codename used will be noble-pgdg.
8.620 
8.621 Using keyring /usr/share/postgresql-common/pgdg/apt.postgresql.org.gpg
8.621 Writing /etc/apt/sources.list.d/pgdg.sources ...
8.622 
8.622 Running apt-get update ...
9.015 Hit:1 http://security.ubuntu.com/ubuntu noble-security InRelease
9.037 Hit:2 http://archive.ubuntu.com/ubuntu noble InRelease
9.055 Get:3 https://apt.postgresql.org/pub/repos/apt noble-pgdg InRelease [189 kB]
9.159 Get:4 https://apt.postgresql.org/pub/repos/apt noble-pgdg/main amd64 Packages [1083 kB]
9.232 Hit:5 http://archive.ubuntu.com/ubuntu noble-updates InRelease
9.427 Hit:6 http://archive.ubuntu.com/ubuntu noble-backports InRelease
9.481 Fetched 1272 kB in 1s (1515 kB/s)
9.481 Reading package lists...
9.999 
9.999 You can now start installing packages from apt.postgresql.org.
9.999 
9.999 Have a look at https://wiki.postgresql.org/wiki/Apt for more information;
9.999 most notably the FAQ at https://wiki.postgresql.org/wiki/Apt/FAQ
10.01 
10.01 WARNING: apt does not have a stable CLI interface. Use with caution in scripts.
10.01 
10.05 Hit:1 https://apt.postgresql.org/pub/repos/apt noble-pgdg InRelease
10.41 Hit:2 http://archive.ubuntu.com/ubuntu noble InRelease
10.41 Hit:3 http://security.ubuntu.com/ubuntu noble-security InRelease
10.60 Hit:4 http://archive.ubuntu.com/ubuntu noble-updates InRelease
10.79 Hit:5 http://archive.ubuntu.com/ubuntu noble-backports InRelease
10.84 Reading package lists...
11.33 Building dependency tree...
11.47 Reading state information...
11.49 72 packages can be upgraded. Run 'apt list --upgradable' to see them.
11.49 -e Types: deb
11.49 URIs: https://apt.postgresql.org/pub/repos/apt
11.49 Suites: resolute-pgdg
11.49 Components: main 19
11.49 Architectures: amd64
11.49 Signed-By: /usr/share/postgresql-common/pgdg/apt.postgresql.org.gpg
11.50 
11.50 WARNING: apt does not have a stable CLI interface. Use with caution in scripts.
11.50 
11.50 E: Malformed stanza 1 in source list /etc/apt/sources.list.d/pgdg.sources (type)
11.50 E: The list of sources could not be read.
------
Dockerfile:5
--------------------
   4 |     
   5 | >>> RUN sudo apt update \
   6 | >>>     && sudo apt install -y postgresql-common \
   7 | >>>     && sudo /usr/share/postgresql-common/pgdg/apt.postgresql.org.sh -y \
   8 | >>>     && sudo apt update \
   9 | >>>     && echo -e 'Types: deb\n\
  10 | >>> URIs: https://apt.postgresql.org/pub/repos/apt\n\
  11 | >>> Suites: resolute-pgdg\n\
  12 | >>> Components: main 19\n\
  13 | >>> Architectures: amd64\n\
  14 | >>> Signed-By: /usr/share/postgresql-common/pgdg/apt.postgresql.org.gpg' | sudo tee /etc/apt/sources.list.d/pgdg.sources \
  15 | >>>     && sudo apt update \
  16 | >>>     && sudo apt install -y postgresql-19 \
  17 | >>>     && sudo systemctl enable postgresql
  18 |     
--------------------
ERROR: failed to build: failed to solve: process "/bin/sh -c sudo apt update     && sudo apt install -y postgresql-common     && sudo /usr/share/postgresql-common/pgdg/apt.postgresql.org.sh -y     && sudo apt update     && echo -e 'Types: deb\\nURIs: https://apt.postgresql.org/pub/repos/apt\\nSuites: resolute-pgdg\\nComponents: main 19\\nArchitectures: amd64\\nSigned-By: /usr/share/postgresql-common/pgdg/apt.postgresql.org.gpg' | sudo tee /etc/apt/sources.list.d/pgdg.sources     && sudo apt update     && sudo apt install -y postgresql-19     && sudo systemctl enable postgresql" did not complete successfully: exit code: 100
laborant@docker-01:postgresql$ rm Dockerfile ; vi Dockerfile 
laborant@docker-01:postgresql$ docker build -t postgresql-19 .
[+] Building 15.6s (6/8)                                                                                                                   docker:default
 => [internal] load build definition from Dockerfile                                                                                                 0.0s
 => => transferring dockerfile: 1.16kB                                                                                                               0.0s
 => [internal] load metadata for ghcr.io/iximiuz/labs/rootfs:ubuntu-24-04                                                                            0.3s
 => [internal] load .dockerignore                                                                                                                    0.0s
 => => transferring context: 2B                                                                                                                      0.0s
 => [1/5] FROM ghcr.io/iximiuz/labs/rootfs:ubuntu-24-04@sha256:1315989631111fba475a77942f26e13fe1fef6396484bd0bdc45c223ed3cc77a                      0.0s
 => => resolve ghcr.io/iximiuz/labs/rootfs:ubuntu-24-04@sha256:1315989631111fba475a77942f26e13fe1fef6396484bd0bdc45c223ed3cc77a                      0.0s
 => CACHED [2/5] WORKDIR /home/laborant                                                                                                              0.0s
 => ERROR [3/5] RUN sudo apt update     && sudo apt install -y postgresql-common     && sudo /usr/share/postgresql-common/pgdg/apt.postgresql.org.  15.3s
------                                                                                                                                                    
 > [3/5] RUN sudo apt update     && sudo apt install -y postgresql-common     && sudo /usr/share/postgresql-common/pgdg/apt.postgresql.org.sh -y     && sudo apt update     && echo 'Types: deb\nURIs: https://apt.postgresql.org/pub/repos/apt\nSuites: resolute-pgdg\nComponents: main 19\nArchitectures: amd64\nSigned-By: /usr/share/postgresql-common/pgdg/apt.postgresql.org.gpg' | sudo tee /etc/apt/sources.list.d/pgdg.sources     && sudo apt update     && sudo apt install -y postgresql-19     && sudo systemctl enable postgresql:                                                                                        
0.149                                                                                                                                                     
0.149 WARNING: apt does not have a stable CLI interface. Use with caution in scripts.
0.149 
0.526 Get:1 http://security.ubuntu.com/ubuntu noble-security InRelease [126 kB]
0.553 Hit:2 http://archive.ubuntu.com/ubuntu noble InRelease
0.739 Get:3 http://archive.ubuntu.com/ubuntu noble-updates InRelease [126 kB]
1.373 Get:4 http://security.ubuntu.com/ubuntu noble-security/universe amd64 Packages [1524 kB]
1.572 Get:5 http://archive.ubuntu.com/ubuntu noble-backports InRelease [126 kB]
1.907 Get:6 http://archive.ubuntu.com/ubuntu noble-updates/multiverse amd64 Packages [55.8 kB]
1.963 Get:7 http://archive.ubuntu.com/ubuntu noble-updates/universe amd64 Packages [2141 kB]
2.268 Get:8 http://security.ubuntu.com/ubuntu noble-security/main amd64 Packages [1153 kB]
2.359 Get:9 http://security.ubuntu.com/ubuntu noble-security/restricted amd64 Packages [1655 kB]
2.543 Get:10 http://security.ubuntu.com/ubuntu noble-security/multiverse amd64 Packages [50.0 kB]
2.694 Get:11 http://archive.ubuntu.com/ubuntu noble-updates/restricted amd64 Packages [1768 kB]
2.853 Get:12 http://archive.ubuntu.com/ubuntu noble-updates/main amd64 Packages [1478 kB]
2.937 Get:13 http://archive.ubuntu.com/ubuntu noble-backports/universe amd64 Packages [35.9 kB]
2.984 Fetched 10.2 MB in 3s (3639 kB/s)
2.984 Reading package lists...
3.472 Building dependency tree...
3.619 Reading state information...
3.640 70 packages can be upgraded. Run 'apt list --upgradable' to see them.
3.650 
3.650 WARNING: apt does not have a stable CLI interface. Use with caution in scripts.
3.650 
3.652 Reading package lists...
4.167 Building dependency tree...
4.319 Reading state information...
4.438 The following additional packages will be installed:
4.439   libcommon-sense-perl libjson-perl libjson-xs-perl libpopt0
4.439   libtypes-serialiser-perl logrotate postgresql-client-common ssl-cert
4.439 Suggested packages:
4.439   bsd-mailx | mailx
4.463 The following NEW packages will be installed:
4.463   libcommon-sense-perl libjson-perl libjson-xs-perl libpopt0
4.463   libtypes-serialiser-perl logrotate postgresql-client-common
4.463   postgresql-common ssl-cert
4.865 0 upgraded, 9 newly installed, 0 to remove and 70 not upgraded.
4.865 Need to get 494 kB of archives.
4.865 After this operation, 1665 kB of additional disk space will be used.
4.865 Get:1 http://archive.ubuntu.com/ubuntu noble/main amd64 libjson-perl all 4.10000-1 [81.9 kB]
5.765 Get:2 http://archive.ubuntu.com/ubuntu noble-updates/main amd64 postgresql-client-common all 257build1.1 [36.4 kB]
6.210 Get:3 http://archive.ubuntu.com/ubuntu noble/main amd64 ssl-cert all 1.1.2ubuntu1 [17.8 kB]
6.448 Get:4 http://archive.ubuntu.com/ubuntu noble-updates/main amd64 postgresql-common all 257build1.1 [161 kB]
7.085 Get:5 http://archive.ubuntu.com/ubuntu noble/main amd64 libpopt0 amd64 1.19+dfsg-1build1 [28.6 kB]
7.287 Get:6 http://archive.ubuntu.com/ubuntu noble/main amd64 logrotate amd64 3.21.0-2build1 [52.2 kB]
7.508 Get:7 http://archive.ubuntu.com/ubuntu noble/main amd64 libcommon-sense-perl amd64 3.75-3build3 [20.4 kB]
7.703 Get:8 http://archive.ubuntu.com/ubuntu noble/main amd64 libtypes-serialiser-perl all 1.01-1 [11.6 kB]
7.890 Get:9 http://archive.ubuntu.com/ubuntu noble-updates/main amd64 libjson-xs-perl amd64 4.040-0ubuntu0.24.04.1 [83.7 kB]
8.045 debconf: delaying package configuration, since apt-utils is not installed
8.072 Fetched 494 kB in 3s (142 kB/s)
8.084 Selecting previously unselected package libjson-perl.
(Reading database ... 44913 files and directories currently installed.)
8.099 Preparing to unpack .../0-libjson-perl_4.10000-1_all.deb ...
8.099 Unpacking libjson-perl (4.10000-1) ...
8.113 Selecting previously unselected package postgresql-client-common.
8.116 Preparing to unpack .../1-postgresql-client-common_257build1.1_all.deb ...
8.116 Unpacking postgresql-client-common (257build1.1) ...
8.131 Selecting previously unselected package ssl-cert.
8.133 Preparing to unpack .../2-ssl-cert_1.1.2ubuntu1_all.deb ...
8.134 Unpacking ssl-cert (1.1.2ubuntu1) ...
8.146 Selecting previously unselected package postgresql-common.
8.149 Preparing to unpack .../3-postgresql-common_257build1.1_all.deb ...
8.153 Adding 'diversion of /usr/bin/pg_config to /usr/bin/pg_config.libpq-dev by postgresql-common'
8.158 Unpacking postgresql-common (257build1.1) ...
8.185 Selecting previously unselected package libpopt0:amd64.
8.188 Preparing to unpack .../4-libpopt0_1.19+dfsg-1build1_amd64.deb ...
8.189 Unpacking libpopt0:amd64 (1.19+dfsg-1build1) ...
8.203 Selecting previously unselected package logrotate.
8.206 Preparing to unpack .../5-logrotate_3.21.0-2build1_amd64.deb ...
8.207 Unpacking logrotate (3.21.0-2build1) ...
8.219 Selecting previously unselected package libcommon-sense-perl:amd64.
8.222 Preparing to unpack .../6-libcommon-sense-perl_3.75-3build3_amd64.deb ...
8.222 Unpacking libcommon-sense-perl:amd64 (3.75-3build3) ...
8.234 Selecting previously unselected package libtypes-serialiser-perl.
8.237 Preparing to unpack .../7-libtypes-serialiser-perl_1.01-1_all.deb ...
8.237 Unpacking libtypes-serialiser-perl (1.01-1) ...
8.250 Selecting previously unselected package libjson-xs-perl.
8.253 Preparing to unpack .../8-libjson-xs-perl_4.040-0ubuntu0.24.04.1_amd64.deb ...
8.253 Unpacking libjson-xs-perl (4.040-0ubuntu0.24.04.1) ...
8.273 Setting up postgresql-client-common (257build1.1) ...
8.275 Setting up libcommon-sense-perl:amd64 (3.75-3build3) ...
8.276 Setting up ssl-cert (1.1.2ubuntu1) ...
8.316 debconf: unable to initialize frontend: Dialog
8.316 debconf: (Dialog frontend will not work on a dumb terminal, an emacs shell buffer, or without a controlling terminal.)
8.316 debconf: falling back to frontend: Readline
8.321 debconf: unable to initialize frontend: Readline
8.321 debconf: (This frontend requires a controlling tty.)
8.321 debconf: falling back to frontend: Teletype
8.677 Created symlink /etc/systemd/system/multi-user.target.wants/ssl-cert.service → /usr/lib/systemd/system/ssl-cert.service.
8.687 Setting up libtypes-serialiser-perl (1.01-1) ...
8.688 Setting up libjson-perl (4.10000-1) ...
8.689 Setting up libpopt0:amd64 (1.19+dfsg-1build1) ...
8.690 Setting up logrotate (3.21.0-2build1) ...
8.756 Created symlink /etc/systemd/system/timers.target.wants/logrotate.timer → /usr/lib/systemd/system/logrotate.timer.
8.759 Setting up libjson-xs-perl (4.040-0ubuntu0.24.04.1) ...
8.760 Setting up postgresql-common (257build1.1) ...
8.802 debconf: unable to initialize frontend: Dialog
8.802 debconf: (Dialog frontend will not work on a dumb terminal, an emacs shell buffer, or without a controlling terminal.)
8.802 debconf: falling back to frontend: Readline
8.808 debconf: unable to initialize frontend: Readline
8.808 debconf: (This frontend requires a controlling tty.)
8.808 debconf: falling back to frontend: Teletype
8.950 
8.950 Creating config file /etc/postgresql-common/createcluster.conf with new version
9.021 Building PostgreSQL dictionaries from installed myspell/hunspell packages...
9.021 Removing obsolete dictionary files:
9.037 invoke-rc.d: could not determine current runlevel
9.040 invoke-rc.d: policy-rc.d denied execution of start.
9.104 Created symlink /etc/systemd/system/multi-user.target.wants/postgresql.service → /usr/lib/systemd/system/postgresql.service.
9.138 Processing triggers for man-db (2.12.0-4build2) ...
9.615 Processing triggers for libc-bin (2.39-0ubuntu8.7) ...
9.675 This script will enable the PostgreSQL APT repository on apt.postgresql.org on
9.675 your system. The distribution codename used will be noble-pgdg.
9.675 
9.675 Using keyring /usr/share/postgresql-common/pgdg/apt.postgresql.org.gpg
9.675 Writing /etc/apt/sources.list.d/pgdg.sources ...
9.676 
9.676 Running apt-get update ...
9.711 Get:1 https://apt.postgresql.org/pub/repos/apt noble-pgdg InRelease [189 kB]
9.769 Get:2 https://apt.postgresql.org/pub/repos/apt noble-pgdg/main amd64 Packages [1083 kB]
10.08 Hit:3 http://archive.ubuntu.com/ubuntu noble InRelease
10.24 Hit:4 http://security.ubuntu.com/ubuntu noble-security InRelease
10.27 Hit:5 http://archive.ubuntu.com/ubuntu noble-updates InRelease
10.47 Hit:6 http://archive.ubuntu.com/ubuntu noble-backports InRelease
10.52 Fetched 1272 kB in 1s (1548 kB/s)
10.52 Reading package lists...
10.99 
10.99 You can now start installing packages from apt.postgresql.org.
10.99 
10.99 Have a look at https://wiki.postgresql.org/wiki/Apt for more information;
10.99 most notably the FAQ at https://wiki.postgresql.org/wiki/Apt/FAQ
11.00 
11.00 WARNING: apt does not have a stable CLI interface. Use with caution in scripts.
11.00 
11.03 Hit:1 https://apt.postgresql.org/pub/repos/apt noble-pgdg InRelease
11.38 Hit:2 http://security.ubuntu.com/ubuntu noble-security InRelease
11.53 Hit:3 http://archive.ubuntu.com/ubuntu noble InRelease
11.78 Hit:4 http://archive.ubuntu.com/ubuntu noble-updates InRelease
12.04 Hit:5 http://archive.ubuntu.com/ubuntu noble-backports InRelease
12.08 Reading package lists...
12.54 Building dependency tree...
12.66 Reading state information...
12.67 72 packages can be upgraded. Run 'apt list --upgradable' to see them.
12.68 Types: deb
12.68 URIs: https://apt.postgresql.org/pub/repos/apt
12.68 Suites: resolute-pgdg
12.68 Components: main 19
12.68 Architectures: amd64
12.68 Signed-By: /usr/share/postgresql-common/pgdg/apt.postgresql.org.gpg
12.69 
12.69 WARNING: apt does not have a stable CLI interface. Use with caution in scripts.
12.69 
12.72 Get:1 https://apt.postgresql.org/pub/repos/apt resolute-pgdg InRelease [189 kB]
12.78 Get:2 https://apt.postgresql.org/pub/repos/apt resolute-pgdg/19 amd64 Packages [30.1 kB]
12.79 Get:3 https://apt.postgresql.org/pub/repos/apt resolute-pgdg/main amd64 Packages [1091 kB]
13.09 Hit:4 http://security.ubuntu.com/ubuntu noble-security InRelease
13.22 Hit:5 http://archive.ubuntu.com/ubuntu noble InRelease
13.47 Hit:6 http://archive.ubuntu.com/ubuntu noble-updates InRelease
13.74 Hit:7 http://archive.ubuntu.com/ubuntu noble-backports InRelease
13.87 Fetched 1311 kB in 1s (1125 kB/s)
13.87 Reading package lists...
14.41 Building dependency tree...
14.53 Reading state information...
14.55 72 packages can be upgraded. Run 'apt list --upgradable' to see them.
14.55 
14.55 WARNING: apt does not have a stable CLI interface. Use with caution in scripts.
14.55 
14.56 Reading package lists...
15.03 Building dependency tree...
15.19 Reading state information...
15.23 Some packages could not be installed. This may mean that you have
15.23 requested an impossible situation or if you are using the unstable
15.23 distribution that some required packages have not yet been created
15.23 or been moved out of Incoming.
15.23 The following information may help to resolve the situation:
15.23 
15.23 The following packages have unmet dependencies:
15.27  postgresql-19 : Depends: libc6 (>= 2.43) but 2.39-0ubuntu8.7 is to be installed
15.27                  Depends: libicu78 (>= 78.1-1~) but it is not installable
15.27                  Depends: libssl3t64 (>= 3.4.0) but 3.0.13-0ubuntu3.11 is to be installed
15.27                  Depends: libxml2-16 (>= 2.14.1) but it is not installable
15.27                  Recommends: postgresql-19-jit but it is not going to be installed
15.27                  Recommends: sysstat but it is not going to be installed
15.28 E: Unable to correct problems, you have held broken packages.
------
Dockerfile:5
--------------------
   4 |     
   5 | >>> RUN sudo apt update \
   6 | >>>     && sudo apt install -y postgresql-common \
   7 | >>>     && sudo /usr/share/postgresql-common/pgdg/apt.postgresql.org.sh -y \
   8 | >>>     && sudo apt update \
   9 | >>>     && echo 'Types: deb\n\
  10 | >>> URIs: https://apt.postgresql.org/pub/repos/apt\n\
  11 | >>> Suites: resolute-pgdg\n\
  12 | >>> Components: main 19\n\
  13 | >>> Architectures: amd64\n\
  14 | >>> Signed-By: /usr/share/postgresql-common/pgdg/apt.postgresql.org.gpg' | sudo tee /etc/apt/sources.list.d/pgdg.sources \
  15 | >>>     && sudo apt update \
  16 | >>>     && sudo apt install -y postgresql-19 \
  17 | >>>     && sudo systemctl enable postgresql
  18 |     
--------------------
ERROR: failed to build: failed to solve: process "/bin/sh -c sudo apt update     && sudo apt install -y postgresql-common     && sudo /usr/share/postgresql-common/pgdg/apt.postgresql.org.sh -y     && sudo apt update     && echo 'Types: deb\\nURIs: https://apt.postgresql.org/pub/repos/apt\\nSuites: resolute-pgdg\\nComponents: main 19\\nArchitectures: amd64\\nSigned-By: /usr/share/postgresql-common/pgdg/apt.postgresql.org.gpg' | sudo tee /etc/apt/sources.list.d/pgdg.sources     && sudo apt update     && sudo apt install -y postgresql-19     && sudo systemctl enable postgresql" did not complete successfully: exit code: 100
laborant@docker-01:postgresql$ 

laborant@docker-01:postgresql$ rm Dockerfile ; vi Dockerfile 
laborant@docker-01:postgresql$ docker build -t postgresql-19 .
[+] Building 79.0s (9/9) FINISHED                                                                                                          docker:default
 => [internal] load build definition from Dockerfile                                                                                                 0.0s
 => => transferring dockerfile: 1.16kB                                                                                                               0.0s
 => [internal] load metadata for ghcr.io/iximiuz/labs/rootfs:ubuntu-26-04                                                                            1.4s
 => [internal] load .dockerignore                                                                                                                    0.0s
 => => transferring context: 2B                                                                                                                      0.0s
 => [1/5] FROM ghcr.io/iximiuz/labs/rootfs:ubuntu-26-04@sha256:445c70a6e5b4286294098915f714d89cd970d34758fe6851e661b9147e97ac89                     43.9s
 => => resolve ghcr.io/iximiuz/labs/rootfs:ubuntu-26-04@sha256:445c70a6e5b4286294098915f714d89cd970d34758fe6851e661b9147e97ac89                      0.0s
 => => sha256:f15351824ffd1bf413bdc456fac7bcb5b5010de0e1fb8d608089fb9a6886dc4c 759B / 759B                                                           0.7s
 => => sha256:be72f7c1222b46250fe6303e4cee8261e2897f05309566cc65a44af45b8a7d86 237B / 237B                                                           0.4s
 => => sha256:577a9cd743a59877066c9e346d7027cff2df540a7fb9f0671cde0f9ec279cf21 2.99MB / 2.99MB                                                       0.6s
 => => sha256:1bf87554af333722478584c1fa47aeb507e4ba52e9ada710dce24190ac1059da 2.21kB / 2.21kB                                                       0.4s
 => => sha256:9870cb150f58e3c7d199bc63d422cc59759f2fd034fd06fd998283f7de0c0dcd 712B / 712B                                                           0.4s
 => => sha256:d61497c2d52249c0c4602e037bab4e68558d0c25786117648a92baa83411c67b 320.50MB / 320.50MB                                                  41.1s
 => => sha256:1a91f31119cdadc86e6ab4b3308ef40baceb16a8a025a49c3273a37cd29da18a 723B / 723B                                                           0.4s
 => => sha256:8152887621b649354d42f2864c573967d632fd6682488751dff8da232fa4e6c8 193.58MB / 193.58MB                                                  24.5s
 => => sha256:14ac5f35f0dd8a073571690577ada228d614f5111561ed282a85aa10419b36f7 4.04kB / 4.04kB                                                       0.6s
 => => sha256:ca2bb2124cdcbe0fd729eb1b7b5816ca41d3ff306cfe068bfd1cfd9d84a7f3b7 204B / 204B                                                           0.4s
 => => sha256:efda168a4db78a7185cc520b68db3529f34861e185a9ad94c15f46c326807e1e 1.85kB / 1.85kB                                                       0.5s
 => => sha256:bd6f728274e6f73df3d9d5372eb8f950966669963eb7aeb66ef4e76653c872a4 2.99MB / 2.99MB                                                       0.5s
 => => sha256:9fb4ce8f1fdb756dba9c70326edda8791e52c44dc86d310fd32c78a7a978cbd3 3.16MB / 3.16MB                                                       0.5s
 => => sha256:b7d5bb955f11c41244b3759b63e248c0c39981f1281f6ec17766eca95db2b92d 9.01MB / 9.01MB                                                       1.0s
 => => sha256:ccab984361cce2f803c705c21f1a01d864b88475f658a99091b67a2aa390342d 27.52MB / 27.52MB                                                     3.6s
 => => sha256:f8f19cd6ea11b8e90674668f4e2030518069aa67a891d10b1d713d75f95b8a7a 1.07MB / 1.07MB                                                       0.9s
 => => sha256:e90a2eac24f6a9936b0b8ae0dd3111423f5622791af910e220bc37aefbb13d61 24.44MB / 24.44MB                                                     3.5s
 => => sha256:f8e089e96419618ff337342add1c1be5ce057fdd58a20458ff7eedb2cdc90848 5.56MB / 5.56MB                                                       1.5s
 => => sha256:1585f086fca633b9d00758a605f2ad80f8732b67bdfad99191b336b990b7f477 25.25MB / 25.25MB                                                     4.4s
 => => sha256:61c0f98467dd476a2fa73153b7afbb59cbdf5207af9e4ecf43650184182b7cf8 703B / 703B                                                           0.7s
 => => sha256:99da708071e0840ad76e54f43e3782d4e5495e99c3bf37b93aa11c4c7d5c824f 10.50MB / 10.50MB                                                     3.3s
 => => sha256:3a51ea730ce8fdebdad47e316542712fa961ff92daeb1a0fcee99ff37af40a16 1.39kB / 1.39kB                                                       0.6s
 => => sha256:ab21590a433ada6ba2ee091dc5710f68550292b7ad2f12d16c4a5b8b35e04d89 118B / 118B                                                           0.6s
 => => sha256:1c24335ddd46023ff99bd665bd8ea6798464f7bbf501718edcf2eb4696e5f408 387B / 387B                                                           0.6s
 => => sha256:6f5c5aa4e145204b113f983c003ff8ad6489394294ef95ec030bc94e3daded54 41.55MB / 41.55MB                                                     5.1s
 => => extracting sha256:6f5c5aa4e145204b113f983c003ff8ad6489394294ef95ec030bc94e3daded54                                                            0.8s
 => => extracting sha256:1c24335ddd46023ff99bd665bd8ea6798464f7bbf501718edcf2eb4696e5f408                                                            0.0s
 => => extracting sha256:ab21590a433ada6ba2ee091dc5710f68550292b7ad2f12d16c4a5b8b35e04d89                                                            0.0s
 => => extracting sha256:3a51ea730ce8fdebdad47e316542712fa961ff92daeb1a0fcee99ff37af40a16                                                            0.0s
 => => extracting sha256:8152887621b649354d42f2864c573967d632fd6682488751dff8da232fa4e6c8                                                            3.2s
 => => extracting sha256:99da708071e0840ad76e54f43e3782d4e5495e99c3bf37b93aa11c4c7d5c824f                                                            0.5s
 => => extracting sha256:1585f086fca633b9d00758a605f2ad80f8732b67bdfad99191b336b990b7f477                                                            0.1s
 => => extracting sha256:61c0f98467dd476a2fa73153b7afbb59cbdf5207af9e4ecf43650184182b7cf8                                                            0.0s
 => => extracting sha256:f8e089e96419618ff337342add1c1be5ce057fdd58a20458ff7eedb2cdc90848                                                            0.1s
 => => extracting sha256:e90a2eac24f6a9936b0b8ae0dd3111423f5622791af910e220bc37aefbb13d61                                                            0.2s
 => => extracting sha256:f8f19cd6ea11b8e90674668f4e2030518069aa67a891d10b1d713d75f95b8a7a                                                            0.0s
 => => extracting sha256:ccab984361cce2f803c705c21f1a01d864b88475f658a99091b67a2aa390342d                                                            0.2s
 => => extracting sha256:9fb4ce8f1fdb756dba9c70326edda8791e52c44dc86d310fd32c78a7a978cbd3                                                            0.1s
 => => extracting sha256:b7d5bb955f11c41244b3759b63e248c0c39981f1281f6ec17766eca95db2b92d                                                            0.1s
 => => extracting sha256:bd6f728274e6f73df3d9d5372eb8f950966669963eb7aeb66ef4e76653c872a4                                                            0.1s
 => => extracting sha256:efda168a4db78a7185cc520b68db3529f34861e185a9ad94c15f46c326807e1e                                                            0.0s
 => => extracting sha256:ca2bb2124cdcbe0fd729eb1b7b5816ca41d3ff306cfe068bfd1cfd9d84a7f3b7                                                            0.1s
 => => extracting sha256:1a91f31119cdadc86e6ab4b3308ef40baceb16a8a025a49c3273a37cd29da18a                                                            0.0s
 => => extracting sha256:14ac5f35f0dd8a073571690577ada228d614f5111561ed282a85aa10419b36f7                                                            0.0s
 => => extracting sha256:9870cb150f58e3c7d199bc63d422cc59759f2fd034fd06fd998283f7de0c0dcd                                                            0.1s
 => => extracting sha256:d61497c2d52249c0c4602e037bab4e68558d0c25786117648a92baa83411c67b                                                            2.2s
 => => extracting sha256:577a9cd743a59877066c9e346d7027cff2df540a7fb9f0671cde0f9ec279cf21                                                            0.0s
 => => extracting sha256:1bf87554af333722478584c1fa47aeb507e4ba52e9ada710dce24190ac1059da                                                            0.0s
 => => extracting sha256:be72f7c1222b46250fe6303e4cee8261e2897f05309566cc65a44af45b8a7d86                                                            0.0s
 => => extracting sha256:f15351824ffd1bf413bdc456fac7bcb5b5010de0e1fb8d608089fb9a6886dc4c                                                            0.0s
 => [2/5] WORKDIR /home/laborant                                                                                                                     0.6s
 => [3/5] RUN sudo apt update     && sudo apt install -y postgresql-common     && sudo /usr/share/postgresql-common/pgdg/apt.postgresql.org.sh -y   25.3s
 => [4/5] RUN echo 'export PATH="$PATH:/usr/lib/postgresql/19/bin/"' | sudo tee -a /home/laborant/.bashrc     && echo 'export PATH="$PATH:/usr/lib/  0.2s
 => [5/5] RUN { echo "Welcome to iximiuz Labs' PostgreSQL 19 Playground! 🚀\n";       echo "Run \`sudo -u postgres psql\` to connect to the Postg     0.2s
 => exporting to image                                                                                                                               7.4s
 => => exporting layers                                                                                                                              6.2s
 => => exporting manifest sha256:48a1ddb9cb7b61d6d9c6c6ff85b4175c602d0257e43830c3e7995167900d96d0                                                    0.0s
 => => exporting config sha256:2d3d7277a888b195c6f3d48ccede79845b99738fb1cdd41f2b9e7fb83b236989                                                      0.0s
 => => exporting attestation manifest sha256:a97be450c04328e3dc380bd3495bac9ba88de6f1c3d58c8cd26dbf21b955e73a                                        0.0s
 => => exporting manifest list sha256:dfb9168c14d25d51002aa3f3522cee44b563b03403c4c81b9c433bdfe14eff57                                               0.0s
 => => naming to docker.io/library/postgresql-19:latest                                                                                              0.0s
 => => unpacking to docker.io/library/postgresql-19:latest                                                                                           1.1s
laborant@docker-01:postgresql$ docker run --rm -it postgresql-19 
Welcome to iximiuz Labs' PostgreSQL 19 Playground! 🚀

Run `sudo -u postgres psql` to connect to the PostgreSQL server

This is also a Ubuntu Playground! Details below!

Welcome to iximiuz Labs' Ubuntu 26.04 Playground! 🚀

This is a refined Ubuntu VM, curated with tools for efficient learning and
hands-on experimenting:

- vim, fzf, ripgrep: Command-line file editing and searching.
- fx, jq, yq: Powerful JSON and YAML viewers and processors.
- curl, socat, websocat: A comprehensive networking toolkit.
- arkade: An efficient installer for additional tools you might require.

Additional services at your disposal:

* Port publishing: Showcase your app with its own public URL.
* Terminal sharing: Collaborate seamlessly by sharing your terminal session.
* registry.iximiuz.com: A private hub to push and pull container images.

Playground VMs are ephemeral and short-lived — terminating a VM purges
all data, including images in the private registry. Please, do not use
playgrounds for processing critical or sensitive information.


laborant@bae6963b6ba7:~$ systemctl status postgresql.service 
System has not been booted with systemd as init system (PID 1). Can't operate.
Failed to connect to system scope bus via local transport: Host is down
laborant@bae6963b6ba7:~$ sudo systemctl status postgresql.service 
System has not been booted with systemd as init system (PID 1). Can't operate.
Failed to connect to system scope bus via local transport: Host is down
laborant@bae6963b6ba7:~$ 
exit
laborant@docker-01:postgresql$ 
laborant@docker-01:postgresql$ docker run --rm -it postgresql-19 
Welcome to iximiuz Labs' PostgreSQL 19 Playground! 🚀

Run `sudo -u postgres psql` to connect to the PostgreSQL server

This is also a Ubuntu Playground! Details below!

Welcome to iximiuz Labs' Ubuntu 26.04 Playground! 🚀

This is a refined Ubuntu VM, curated with tools for efficient learning and
hands-on experimenting:

- vim, fzf, ripgrep: Command-line file editing and searching.
- fx, jq, yq: Powerful JSON and YAML viewers and processors.
- curl, socat, websocat: A comprehensive networking toolkit.
- arkade: An efficient installer for additional tools you might require.

Additional services at your disposal:

* Port publishing: Showcase your app with its own public URL.
* Terminal sharing: Collaborate seamlessly by sharing your terminal session.
* registry.iximiuz.com: A private hub to push and pull container images.

Playground VMs are ephemeral and short-lived — terminating a VM purges
all data, including images in the private registry. Please, do not use
playgrounds for processing critical or sensitive information.


laborant@0b2abee2e1f7:~$ ls /usr/lib/postgresql/19/bin/
clusterdb   dropuser    pg_archivecleanup  pg_config            pg_dump        pg_recvlogical  pg_test_fsync    pg_waldump     psql
createdb    initdb      pg_basebackup      pg_controldata       pg_dumpall     pg_resetwal     pg_test_timing   pg_walsummary  reindexdb
createuser  oid2name    pg_checksums       pg_createsubscriber  pg_isready     pg_restore      pg_upgrade       pgbench        vacuumdb
dropdb      pg_amcheck  pg_combinebackup   pg_ctl               pg_receivewal  pg_rewind       pg_verifybackup  postgres       vacuumlo
laborant@0b2abee2e1f7:~$ echo $PATH
/usr/local/sbin:/usr/local/bin:/usr/sbin:/usr/bin:/sbin:/bin:/home/laborant/.fzf/bin:/home/laborant/.arkade/bin:/usr/lib/postgresql/19/bin/
laborant@0b2abee2e1f7:~$ 
exit
laborant@docker-01:postgresql$ 
laborant@ubuntu-01:~$ sudo systemctl status postgresql
postgresql.service          postgresql@19-main.service  
laborant@ubuntu-01:~$ sudo systemctl status postgresql@19-main.service 
● postgresql@19-main.service - PostgreSQL Cluster 19-main
     Loaded: loaded (/usr/lib/systemd/system/postgresql@.service; enabled-runtime; preset: enabled)
     Active: active (running) since Fri 2026-08-14 01:54:05 UTC; 19s ago
 Invocation: 47ebc17a4eca4c35922eb9093a01d18f
    Process: 3973 ExecStart=/usr/bin/pg_ctlcluster --skip-systemctl-redirect 19-main start (code=exited, status=0/SUCCESS)
   Main PID: 3978 (postgres)
      Tasks: 8 (limit: 12019)
     Memory: 27.2M (peak: 36.5M)
        CPU: 99ms
     CGroup: /system.slice/system-postgresql.slice/postgresql@19-main.service
             ├─3978 /usr/lib/postgresql/19/bin/postgres -D /var/lib/postgresql/19/main -c config_file=/etc/postgresql/19/main/postgresql.conf
             ├─3979 "postgres: 19/main: io worker 0"
             ├─3980 "postgres: 19/main: io worker 1"
             ├─3981 "postgres: 19/main: checkpointer "
             ├─3982 "postgres: 19/main: background writer "
             ├─3984 "postgres: 19/main: walwriter "
             ├─3985 "postgres: 19/main: autovacuum launcher "
             └─3986 "postgres: 19/main: logical replication launcher "

Aug 14 01:54:03 ubuntu-01 systemd[1]: Starting postgresql@19-main.service - PostgreSQL Cluster 19-main...
Aug 14 01:54:05 ubuntu-01 systemd[1]: Started postgresql@19-main.service - PostgreSQL Cluster 19-main.
laborant@ubuntu-01:~$ ls /var/lib/postgresql/19/
main
laborant@ubuntu-01:~$ ls /var/lib/postgresql/19/main/
ls: cannot open directory '/var/lib/postgresql/19/main/': Permission denied
laborant@ubuntu-01:~$ sudo ls /var/lib/postgresql/19/main/
PG_VERSION  pg_commit_ts   pg_logical    pg_replslot   pg_stat      pg_tblspc    pg_xact               postmaster.pid
base        pg_dynshmem    pg_multixact  pg_serial     pg_stat_tmp  pg_twophase  postgresql.auto.conf
global      pg_hosts.conf  pg_notify     pg_snapshots  pg_subtrans  pg_wal       postmaster.opts
laborant@ubuntu-01:~$ sudo ls -al /var/lib/postgresql/19/main/
total 96
drwx------ 19 postgres postgres 4096 Aug 14 01:54 .
drwxr-xr-x  3 postgres postgres 4096 Aug 14 01:53 ..
-rw-------  1 postgres postgres    3 Aug 14 01:53 PG_VERSION
drwx------  5 postgres postgres 4096 Aug 14 01:53 base
drwx------  2 postgres postgres 4096 Aug 14 01:54 global
drwx------  2 postgres postgres 4096 Aug 14 01:53 pg_commit_ts
drwx------  2 postgres postgres 4096 Aug 14 01:53 pg_dynshmem
-rw-------  1 postgres postgres  194 Aug 14 01:53 pg_hosts.conf
drwx------  4 postgres postgres 4096 Aug 14 01:53 pg_logical
drwx------  4 postgres postgres 4096 Aug 14 01:53 pg_multixact
drwx------  2 postgres postgres 4096 Aug 14 01:53 pg_notify
drwx------  2 postgres postgres 4096 Aug 14 01:53 pg_replslot
drwx------  2 postgres postgres 4096 Aug 14 01:53 pg_serial
drwx------  2 postgres postgres 4096 Aug 14 01:53 pg_snapshots
drwx------  2 postgres postgres 4096 Aug 14 01:54 pg_stat
drwx------  2 postgres postgres 4096 Aug 14 01:53 pg_stat_tmp
drwx------  2 postgres postgres 4096 Aug 14 01:53 pg_subtrans
drwx------  2 postgres postgres 4096 Aug 14 01:53 pg_tblspc
drwx------  2 postgres postgres 4096 Aug 14 01:53 pg_twophase
drwx------  4 postgres postgres 4096 Aug 14 01:53 pg_wal
drwx------  2 postgres postgres 4096 Aug 14 01:53 pg_xact
-rw-------  1 postgres postgres   88 Aug 14 01:53 postgresql.auto.conf
-rw-------  1 postgres postgres  130 Aug 14 01:54 postmaster.opts
-rw-------  1 postgres postgres  108 Aug 14 01:54 postmaster.pid
laborant@ubuntu-01:~$ ls /usr/lib/postgresql/19/bin/
clusterdb   dropuser    pg_archivecleanup  pg_config            pg_dump        pg_recvlogical  pg_test_fsync    pg_waldump     psql
createdb    initdb      pg_basebackup      pg_controldata       pg_dumpall     pg_resetwal     pg_test_timing   pg_walsummary  reindexdb
createuser  oid2name    pg_checksums       pg_createsubscriber  pg_isready     pg_restore      pg_upgrade       pgbench        vacuumdb
dropdb      pg_amcheck  pg_combinebackup   pg_ctl               pg_receivewal  pg_rewind       pg_verifybackup  postgres       vacuumlo
laborant@ubuntu-01:~$ ls /usr/local/
bin  etc  games  include  lib  libexec  man  sbin  share  src
laborant@ubuntu-01:~$ ls /home/
laborant  ubuntu
laborant@ubuntu-01:~$ echo ''

laborant@ubuntu-01:~$ echo 'Types: deb\
URIs: https://apt.postgresql.org/pub/repos/apt\
Suites: resolute-pgdg\
Components: main 19\
Architectures: amd64\
Signed-By: /usr/share/postgresql-common/pgdg/apt.postgresql.org.gpg'
Types: deb\
URIs: https://apt.postgresql.org/pub/repos/apt\
Suites: resolute-pgdg\
Components: main 19\
Architectures: amd64\
Signed-By: /usr/share/postgresql-common/pgdg/apt.postgresql.org.gpg
laborant@ubuntu-01:~$ echo 'Types: deb
URIs: https://apt.postgresql.org/pub/repos/apt
Suites: resolute-pgdg
Components: main 19
Architectures: amd64
Signed-By: /usr/share/postgresql-common/pgdg/apt.postgresql.org.gpg'
Types: deb
URIs: https://apt.postgresql.org/pub/repos/apt
Suites: resolute-pgdg
Components: main 19
Architectures: amd64
Signed-By: /usr/share/postgresql-common/pgdg/apt.postgresql.org.gpg
laborant@ubuntu-01:~$ echo 'p\np'
p\np
laborant@ubuntu-01:~$ echo "p\np"
p\np
laborant@ubuntu-01:~$ echo -e "p\np"
p
p
laborant@ubuntu-01:~$ 
laborant@ubuntu-01:~$ sudo systemctl status postgresql
postgresql.service          postgresql@19-main.service  
laborant@ubuntu-01:~$ sudo systemctl status postgresql@19-main.service 
● postgresql@19-main.service - PostgreSQL Cluster 19-main
     Loaded: loaded (/usr/lib/systemd/system/postgresql@.service; enabled-runtime; preset: enabled)
     Active: active (running) since Fri 2026-08-14 01:54:05 UTC; 19s ago
 Invocation: 47ebc17a4eca4c35922eb9093a01d18f
    Process: 3973 ExecStart=/usr/bin/pg_ctlcluster --skip-systemctl-redirect 19-main start (code=exited, status=0/SUCCESS)
   Main PID: 3978 (postgres)
      Tasks: 8 (limit: 12019)
     Memory: 27.2M (peak: 36.5M)
        CPU: 99ms
     CGroup: /system.slice/system-postgresql.slice/postgresql@19-main.service
             ├─3978 /usr/lib/postgresql/19/bin/postgres -D /var/lib/postgresql/19/main -c config_file=/etc/postgresql/19/main/postgresql.conf
             ├─3979 "postgres: 19/main: io worker 0"
             ├─3980 "postgres: 19/main: io worker 1"
             ├─3981 "postgres: 19/main: checkpointer "
             ├─3982 "postgres: 19/main: background writer "
             ├─3984 "postgres: 19/main: walwriter "
             ├─3985 "postgres: 19/main: autovacuum launcher "
             └─3986 "postgres: 19/main: logical replication launcher "

Aug 14 01:54:03 ubuntu-01 systemd[1]: Starting postgresql@19-main.service - PostgreSQL Cluster 19-main...
Aug 14 01:54:05 ubuntu-01 systemd[1]: Started postgresql@19-main.service - PostgreSQL Cluster 19-main.
laborant@ubuntu-01:~$ ls /var/lib/postgresql/19/
main
laborant@ubuntu-01:~$ ls /var/lib/postgresql/19/main/
ls: cannot open directory '/var/lib/postgresql/19/main/': Permission denied
laborant@ubuntu-01:~$ sudo ls /var/lib/postgresql/19/main/
PG_VERSION  pg_commit_ts   pg_logical    pg_replslot   pg_stat      pg_tblspc    pg_xact               postmaster.pid
base        pg_dynshmem    pg_multixact  pg_serial     pg_stat_tmp  pg_twophase  postgresql.auto.conf
global      pg_hosts.conf  pg_notify     pg_snapshots  pg_subtrans  pg_wal       postmaster.opts
laborant@ubuntu-01:~$ sudo ls -al /var/lib/postgresql/19/main/
total 96
drwx------ 19 postgres postgres 4096 Aug 14 01:54 .
drwxr-xr-x  3 postgres postgres 4096 Aug 14 01:53 ..
-rw-------  1 postgres postgres    3 Aug 14 01:53 PG_VERSION
drwx------  5 postgres postgres 4096 Aug 14 01:53 base
drwx------  2 postgres postgres 4096 Aug 14 01:54 global
drwx------  2 postgres postgres 4096 Aug 14 01:53 pg_commit_ts
drwx------  2 postgres postgres 4096 Aug 14 01:53 pg_dynshmem
-rw-------  1 postgres postgres  194 Aug 14 01:53 pg_hosts.conf
drwx------  4 postgres postgres 4096 Aug 14 01:53 pg_logical
drwx------  4 postgres postgres 4096 Aug 14 01:53 pg_multixact
drwx------  2 postgres postgres 4096 Aug 14 01:53 pg_notify
drwx------  2 postgres postgres 4096 Aug 14 01:53 pg_replslot
drwx------  2 postgres postgres 4096 Aug 14 01:53 pg_serial
drwx------  2 postgres postgres 4096 Aug 14 01:53 pg_snapshots
drwx------  2 postgres postgres 4096 Aug 14 01:54 pg_stat
drwx------  2 postgres postgres 4096 Aug 14 01:53 pg_stat_tmp
drwx------  2 postgres postgres 4096 Aug 14 01:53 pg_subtrans
drwx------  2 postgres postgres 4096 Aug 14 01:53 pg_tblspc
drwx------  2 postgres postgres 4096 Aug 14 01:53 pg_twophase
drwx------  4 postgres postgres 4096 Aug 14 01:53 pg_wal
drwx------  2 postgres postgres 4096 Aug 14 01:53 pg_xact
-rw-------  1 postgres postgres   88 Aug 14 01:53 postgresql.auto.conf
-rw-------  1 postgres postgres  130 Aug 14 01:54 postmaster.opts
-rw-------  1 postgres postgres  108 Aug 14 01:54 postmaster.pid
laborant@ubuntu-01:~$ ls /usr/lib/postgresql/19/bin/
clusterdb   dropuser    pg_archivecleanup  pg_config            pg_dump        pg_recvlogical  pg_test_fsync    pg_waldump     psql
createdb    initdb      pg_basebackup      pg_controldata       pg_dumpall     pg_resetwal     pg_test_timing   pg_walsummary  reindexdb
createuser  oid2name    pg_checksums       pg_createsubscriber  pg_isready     pg_restore      pg_upgrade       pgbench        vacuumdb
dropdb      pg_amcheck  pg_combinebackup   pg_ctl               pg_receivewal  pg_rewind       pg_verifybackup  postgres       vacuumlo
laborant@ubuntu-01:~$ ls /usr/local/
bin  etc  games  include  lib  libexec  man  sbin  share  src
laborant@ubuntu-01:~$ ls /home/
laborant  ubuntu
laborant@ubuntu-01:~$ echo ''

laborant@ubuntu-01:~$ echo 'Types: deb\
URIs: https://apt.postgresql.org/pub/repos/apt\
Suites: resolute-pgdg\
Components: main 19\
Architectures: amd64\
Signed-By: /usr/share/postgresql-common/pgdg/apt.postgresql.org.gpg'
Types: deb\
URIs: https://apt.postgresql.org/pub/repos/apt\
Suites: resolute-pgdg\
Components: main 19\
Architectures: amd64\
Signed-By: /usr/share/postgresql-common/pgdg/apt.postgresql.org.gpg
laborant@ubuntu-01:~$ echo 'Types: deb
URIs: https://apt.postgresql.org/pub/repos/apt
Suites: resolute-pgdg
Components: main 19
Architectures: amd64
Signed-By: /usr/share/postgresql-common/pgdg/apt.postgresql.org.gpg'
Types: deb
URIs: https://apt.postgresql.org/pub/repos/apt
Suites: resolute-pgdg
Components: main 19
Architectures: amd64
Signed-By: /usr/share/postgresql-common/pgdg/apt.postgresql.org.gpg
laborant@ubuntu-01:~$ echo 'p\np'
p\np
laborant@ubuntu-01:~$ echo "p\np"
p\np
laborant@ubuntu-01:~$ echo -e "p\np"
p
p
laborant@ubuntu-01:~$ 
Welcome to iximiuz Labs' PostgreSQL 19 Playground! 🚀

Run `sudo -u postgres psql` to connect to the PostgreSQL server

This is also a Ubuntu Playground! Details below!

Welcome to iximiuz Labs' Ubuntu 26.04 Playground! 🚀

This is a refined Ubuntu VM, curated with tools for efficient learning and
hands-on experimenting:

- vim, fzf, ripgrep: Command-line file editing and searching.
- fx, jq, yq: Powerful JSON and YAML viewers and processors.
- curl, socat, websocat: A comprehensive networking toolkit.
- arkade: An efficient installer for additional tools you might require.

Additional services at your disposal:

* Port publishing: Showcase your app with its own public URL.
* Terminal sharing: Collaborate seamlessly by sharing your terminal session.
* registry.iximiuz.com: A private hub to push and pull container images.

Playground VMs are ephemeral and short-lived — terminating a VM purges
all data, including images in the private registry. Please, do not use
playgrounds for processing critical or sensitive information.


laborant@postgres-01:~$ sudo -u postgres psql
psql (19beta3 (Ubuntu 19~beta3-1.pgdg26.04+1))
Type "help" for help.

postgres=# select * from pg_settings where name = 'server_version';
postgres=# \x
Expanded display is on.
postgres=# select * from pg_settings where name = 'server_version';
-[ RECORD 1 ]---+----------------------------------------
name            | server_version
setting         | 19beta3 (Ubuntu 19~beta3-1.pgdg26.04+1)
unit            | 
category        | Preset Options
short_desc      | Shows the server version.
extra_desc      | 
context         | internal
vartype         | string
source          | default
min_val         | 
max_val         | 
enumvals        | 
boot_val        | 19beta3 (Ubuntu 19~beta3-1.pgdg26.04+1)
reset_val       | 19beta3 (Ubuntu 19~beta3-1.pgdg26.04+1)
sourcefile      | 
sourceline      | 
pending_restart | f

postgres=# 
